TARGET Stabilizer(MathieuGroup(11),1) |G|=720 threshold=2304 mode=census primes=[2, 3] raw=False
Building subgroup lattice...
Lattice: 25 classes, 793 subgroups
FORCED-INTERSECTION cache: 325 pairs in 2.6s

=== PRIME p=2 ===
Twistable (p=2): [(1, 2, 'C2', 1), (3, 4, 'C2 x C2', 3), (4, 4, 'C4', 1), (5, 4, 'C4', 1), (7, 6, 'S3', 1), (8, 8, 'C8', 1), (9, 8, 'Q8', 3), (10, 8, 'D8', 3), (12, 10, 'D10', 1), (14, 16, 'QD16', 3), (15, 18, '(C3 x C3) : C2', 1), (16, 20, 'C5 : C4', 1), (17, 24, 'S4', 1), (18, 36, '(C3 x C3) : C4', 1), (19, 36, '(C3 x C3) : C4', 1), (20, 36, '(C3 x C3) : C4', 1), (22, 72, '(C3 x C3) : Q8', 3), (24, 720, 'A6 . C2', 1)]
Shapes above threshold: 349
{"type":"config","target":"Stabilizer(MathieuGroup(11),1)","p":2,"shape":[16,16,24],"shape_sd":["QD16","QD16","S4"],"sigma":3072,"k":3,"ncolls":7,"blocked":[true,true,true],"S_gens":"[(2,3)(5,11)(6,7)(8,9), (2,3)(4,5,6,11,10,8,7,9)]","T_gens":"[(2,4)(5,9)(6,11)(7,8), (2,4)(3,7,9,8,10,11,5,6)]","U_gens":"[(3,9)(4,7)(5,6)(8,10), (2,11,10,8)(5,9,6,7)]","semantics":"exact"}
*** KILL CANDIDATE: |Sigma|=3072 > beta_0=2304 ***
{"type":"config","target":"Stabilizer(MathieuGroup(11),1)","p":2,"shape":[16,16,24],"shape_sd":["QD16","QD16","S4"],"sigma":3072,"k":3,"ncolls":7,"blocked":[true,true,true],"S_gens":"[(2,3)(5,11)(6,7)(8,9), (2,3)(4,5,6,11,10,8,7,9)]","T_gens":"[(2,4)(5,9)(6,11)(7,8), (2,4)(3,7,9,8,10,11,5,6)]","U_gens":"[(3,9)(4,7)(5,6)(8,10), (2,11,10,8)(5,9,6,7)]","semantics":"exact"}
*** KILL CANDIDATE: |Sigma|=3072 > beta_0=2304 ***
{"type":"config","target":"Stabilizer(MathieuGroup(11),1)","p":2,"shape":[16,16,24],"shape_sd":["QD16","QD16","S4"],"sigma":3072,"k":3,"ncolls":7,"blocked":[true,true,true],"S_gens":"[(2,3)(5,11)(6,7)(8,9), (2,3)(4,5,6,11,10,8,7,9)]","T_gens":"[(2,5)(4,11)(6,9)(7,10), (2,5)(3,11,7,4,8,6,10,9)]","U_gens":"[(2,4)(3,9)(5,10)(7,11), (2,6,8,4)(7,9,11,10)]","semantics":"exact"}
*** KILL CANDIDATE: |Sigma|=3072 > beta_0=2304 ***
{"type":"config","target":"Stabilizer(MathieuGroup(11),1)","p":2,"shape":[16,16,24],"shape_sd":["QD16","QD16","S4"],"sigma":3072,"k":3,"ncolls":7,"blocked":[true,true,true],"S_gens":"[(2,3)(5,11)(6,7)(8,9), (2,3)(4,5,6,11,10,8,7,9)]","T_gens":"[(2,5)(4,11)(6,9)(7,10), (2,5)(3,11,7,4,8,6,10,9)]","U_gens":"[(2,4)(3,9)(5,10)(7,11), (2,6,8,4)(7,9,11,10)]","semantics":"exact"}
*** KILL CANDIDATE: |Sigma|=3072 > beta_0=2304 ***
{"type":"config","target":"Stabilizer(MathieuGroup(11),1)","p":2,"shape":[16,16,24],"shape_sd":["QD16","QD16","S4"],"sigma":3072,"k":3,"ncolls":7,"blocked":[true,true,true],"S_gens":"[(2,3)(5,11)(6,7)(8,9), (2,3)(4,5,6,11,10,8,7,9)]","T_gens":"[(2,6)(4,9)(5,11)(8,10), (2,6)(3,4,5,9,7,8,11,10)]","U_gens":"[(3,11)(4,5)(6,10)(7,8), (2,8,7,9)(4,11,5,10)]","semantics":"exact"}
*** KILL CANDIDATE: |Sigma|=3072 > beta_0=2304 ***
{"type":"config","target":"Stabilizer(MathieuGroup(11),1)","p":2,"shape":[16,16,24],"shape_sd":["QD16","QD16","S4"],"sigma":3072,"k":3,"ncolls":7,"blocked":[true,true,true],"S_gens":"[(2,3)(5,11)(6,7)(8,9), (2,3)(4,5,6,11,10,8,7,9)]","T_gens":"[(2,6)(4,9)(5,11)(8,10), (2,6)(3,4,5,9,7,8,11,10)]","U_gens":"[(3,11)(4,5)(6,10)(7,8), (2,8,7,9)(4,11,5,10)]","semantics":"exact"}
*** KILL CANDIDATE: |Sigma|=3072 > beta_0=2304 ***
{"type":"config","target":"Stabilizer(MathieuGroup(11),1)","p":2,"shape":[16,16,24],"shape_sd":["QD16","QD16","S4"],"sigma":3072,"k":3,"ncolls":7,"blocked":[true,true,true],"S_gens":"[(2,3)(5,11)(6,7)(8,9), (2,3)(4,5,6,11,10,8,7,9)]","T_gens":"[(2,7)(4,5)(8,9)(10,11), (2,7)(3,10,8,11,6,5,9,4)]","U_gens":"[(2,5)(3,10)(4,9)(7,8), (2,5,6,11)(4,10,9,8)]","semantics":"exact"}
*** KILL CANDIDATE: |Sigma|=3072 > beta_0=2304 ***
{"type":"config","target":"Stabilizer(MathieuGroup(11),1)","p":2,"shape":[16,16,24],"shape_sd":["QD16","QD16","S4"],"sigma":3072,"k":3,"ncolls":7,"blocked":[true,true,true],"S_gens":"[(2,3)(5,11)(6,7)(8,9), (2,3)(4,5,6,11,10,8,7,9)]","T_gens":"[(2,7)(4,5)(8,9)(10,11), (2,7)(3,10,8,11,6,5,9,4)]","U_gens":"[(2,5)(3,10)(4,9)(7,8), (2,5,6,11)(4,10,9,8)]","semantics":"exact"}
*** KILL CANDIDATE: |Sigma|=3072 > beta_0=2304 ***
{"type":"config","target":"Stabilizer(MathieuGroup(11),1)","p":2,"shape":[16,16,24],"shape_sd":["QD16","QD16","S4"],"sigma":3072,"k":3,"ncolls":7,"blocked":[true,true,true],"S_gens":"[(2,3)(5,11)(6,7)(8,9), (2,3)(4,5,6,11,10,8,7,9)]","T_gens":"[(2,8)(4,6)(7,11)(9,10), (2,8)(3,9,6,10,5,7,4,11)]","U_gens":"[(3,6)(4,11)(5,10)(8,9), (2,7,5,10)(4,6,11,9)]","semantics":"exact"}
*** KILL CANDIDATE: |Sigma|=3072 > beta_0=2304 ***
{"type":"config","target":"Stabilizer(MathieuGroup(11),1)","p":2,"shape":[16,16,24],"shape_sd":["QD16","QD16","S4"],"sigma":3072,"k":3,"ncolls":7,"blocked":[true,true,true],"S_gens":"[(2,3)(5,11)(6,7)(8,9), (2,3)(4,5,6,11,10,8,7,9)]","T_gens":"[(2,8)(4,6)(7,11)(9,10), (2,8)(3,9,6,10,5,7,4,11)]","U_gens":"[(3,6)(4,11)(5,10)(8,9), (2,7,5,10)(4,6,11,9)]","semantics":"exact"}
*** KILL CANDIDATE: |Sigma|=3072 > beta_0=2304 ***
{"type":"config","target":"Stabilizer(MathieuGroup(11),1)","p":2,"shape":[16,16,24],"shape_sd":["QD16","QD16","S4"],"sigma":3072,"k":3,"ncolls":7,"blocked":[true,true,true],"S_gens":"[(2,3)(5,11)(6,7)(8,9), (2,3)(4,5,6,11,10,8,7,9)]","T_gens":"[(2,9)(4,8)(5,7)(6,10), (2,9)(3,5,10,7,11,4,6,8)]","U_gens":"[(3,6)(4,11)(5,10)(8,9), (2,4,11,7)(5,6,10,8)]","semantics":"exact"}
*** KILL CANDIDATE: |Sigma|=3072 > beta_0=2304 ***
{"type":"config","target":"Stabilizer(MathieuGroup(11),1)","p":2,"shape":[16,16,24],"shape_sd":["QD16","QD16","S4"],"sigma":3072,"k":3,"ncolls":7,"blocked":[true,true,true],"S_gens":"[(2,3)(5,11)(6,7)(8,9), (2,3)(4,5,6,11,10,8,7,9)]","T_gens":"[(2,9)(4,8)(5,7)(6,10), (2,9)(3,5,10,7,11,4,6,8)]","U_gens":"[(3,6)(4,11)(5,10)(8,9), (2,4,11,7)(5,6,10,8)]","semantics":"exact"}
*** KILL CANDIDATE: |Sigma|=3072 > beta_0=2304 ***
{"type":"config","target":"Stabilizer(MathieuGroup(11),1)","p":2,"shape":[16,16,24],"shape_sd":["QD16","QD16","S4"],"sigma":3072,"k":3,"ncolls":7,"blocked":[true,true,true],"S_gens":"[(2,3)(5,11)(6,7)(8,9), (2,3)(4,5,6,11,10,8,7,9)]","T_gens":"[(2,10)(5,6)(7,9)(8,11), (2,10)(3,6,11,5,4,9,8,7)]","U_gens":"[(3,8)(4,9)(6,11)(7,10), (2,9,4,5)(6,8,11,7)]","semantics":"exact"}
*** KILL CANDIDATE: |Sigma|=3072 > beta_0=2304 ***
{"type":"config","target":"Stabilizer(MathieuGroup(11),1)","p":2,"shape":[16,16,24],"shape_sd":["QD16","QD16","S4"],"sigma":3072,"k":3,"ncolls":7,"blocked":[true,true,true],"S_gens":"[(2,3)(5,11)(6,7)(8,9), (2,3)(4,5,6,11,10,8,7,9)]","T_gens":"[(2,10)(5,6)(7,9)(8,11), (2,10)(3,6,11,5,4,9,8,7)]","U_gens":"[(3,8)(4,9)(6,11)(7,10), (2,9,4,5)(6,8,11,7)]","semantics":"exact"}
*** KILL CANDIDATE: |Sigma|=3072 > beta_0=2304 ***
{"type":"config","target":"Stabilizer(MathieuGroup(11),1)","p":2,"shape":[16,16,24],"shape_sd":["QD16","QD16","S4"],"sigma":3072,"k":3,"ncolls":7,"blocked":[true,true,true],"S_gens":"[(2,3)(5,11)(6,7)(8,9), (2,3)(4,5,6,11,10,8,7,9)]","T_gens":"[(2,11)(4,7)(5,10)(6,8), (2,11)(3,8,4,6,9,10,7,5)]","U_gens":"[(2,6)(3,5)(4,8)(7,11), (2,10,9,6)(4,5,8,7)]","semantics":"exact"}
*** KILL CANDIDATE: |Sigma|=3072 > beta_0=2304 ***
{"type":"config","target":"Stabilizer(MathieuGroup(11),1)","p":2,"shape":[16,16,24],"shape_sd":["QD16","QD16","S4"],"sigma":3072,"k":3,"ncolls":7,"blocked":[true,true,true],"S_gens":"[(2,3)(5,11)(6,7)(8,9), (2,3)(4,5,6,11,10,8,7,9)]","T_gens":"[(2,11)(4,7)(5,10)(6,8), (2,11)(3,8,4,6,9,10,7,5)]","U_gens":"[(2,6)(3,5)(4,8)(7,11), (2,10,9,6)(4,5,8,7)]","semantics":"exact"}
*** KILL CANDIDATE: |Sigma|=3072 > beta_0=2304 ***
{"type":"config","target":"Stabilizer(MathieuGroup(11),1)","p":2,"shape":[16,16,24],"shape_sd":["QD16","QD16","S4"],"sigma":3072,"k":3,"ncolls":7,"blocked":[true,true,true],"S_gens":"[(2,3)(5,11)(6,7)(8,9), (2,3)(4,5,6,11,10,8,7,9)]","T_gens":"[(3,4)(5,7)(6,9)(8,11), (2,6,8,9,10,5,11,7)(3,4)]","U_gens":"[(2,11)(4,7)(5,10)(6,8), (3,5,10,9)(6,11,8,7)]","semantics":"exact"}
*** KILL CANDIDATE: |Sigma|=3072 > beta_0=2304 ***
{"type":"config","target":"Stabilizer(MathieuGroup(11),1)","p":2,"shape":[16,16,24],"shape_sd":["QD16","QD16","S4"],"sigma":3072,"k":3,"ncolls":7,"blocked":[true,true,true],"S_gens":"[(2,3)(5,11)(6,7)(8,9), (2,3)(4,5,6,11,10,8,7,9)]","T_gens":"[(3,4)(5,7)(6,9)(8,11), (2,6,8,9,10,5,11,7)(3,4)]","U_gens":"[(2,11)(4,7)(5,10)(6,8), (3,5,10,9)(6,11,8,7)]","semantics":"exact"}
*** KILL CANDIDATE: |Sigma|=3072 > beta_0=2304 ***
{"type":"config","target":"Stabilizer(MathieuGroup(11),1)","p":2,"shape":[16,16,24],"shape_sd":["QD16","QD16","S4"],"sigma":3072,"k":3,"ncolls":7,"blocked":[true,true,true],"S_gens":"[(2,3)(5,11)(6,7)(8,9), (2,3)(4,5,6,11,10,8,7,9)]","T_gens":"[(3,5)(4,6)(7,9)(10,11), (2,9,4,7,8,10,6,11)(3,5)]","U_gens":"[(2,11)(3,7)(4,9)(5,6), (3,10,8,7)(4,11,9,6)]","semantics":"exact"}
*** KILL CANDIDATE: |Sigma|=3072 > beta_0=2304 ***
{"type":"config","target":"Stabilizer(MathieuGroup(11),1)","p":2,"shape":[16,16,24],"shape_sd":["QD16","QD16","S4"],"sigma":3072,"k":3,"ncolls":7,"blocked":[true,true,true],"S_gens":"[(2,3)(5,11)(6,7)(8,9), (2,3)(4,5,6,11,10,8,7,9)]","T_gens":"[(3,5)(4,6)(7,9)(10,11), (2,9,4,7,8,10,6,11)(3,5)]","U_gens":"[(2,11)(3,7)(4,9)(5,6), (3,10,8,7)(4,11,9,6)]","semantics":"exact"}
*** KILL CANDIDATE: |Sigma|=3072 > beta_0=2304 ***
{"type":"config","target":"Stabilizer(MathieuGroup(11),1)","p":2,"shape":[16,16,24],"shape_sd":["QD16","QD16","S4"],"sigma":3072,"k":3,"ncolls":7,"blocked":[true,true,true],"S_gens":"[(2,3)(5,11)(6,7)(8,9), (2,3)(4,5,6,11,10,8,7,9)]","T_gens":"[(3,6)(4,11)(5,10)(8,9), (2,10,9,5,7,11,8,4)(3,6)]","U_gens":"[(2,10)(3,11)(4,8)(6,9), (3,11,7,5)(4,10,8,9)]","semantics":"exact"}
*** KILL CANDIDATE: |Sigma|=3072 > beta_0=2304 ***
{"type":"config","target":"Stabilizer(MathieuGroup(11),1)","p":2,"shape":[16,16,24],"shape_sd":["QD16","QD16","S4"],"sigma":3072,"k":3,"ncolls":7,"blocked":[true,true,true],"S_gens":"[(2,3)(5,11)(6,7)(8,9), (2,3)(4,5,6,11,10,8,7,9)]","T_gens":"[(3,6)(4,11)(5,10)(8,9), (2,10,9,5,7,11,8,4)(3,6)]","U_gens":"[(2,10)(3,11)(4,8)(6,9), (3,11,7,5)(4,10,8,9)]","semantics":"exact"}
*** KILL CANDIDATE: |Sigma|=3072 > beta_0=2304 ***
{"type":"config","target":"Stabilizer(MathieuGroup(11),1)","p":2,"shape":[16,16,24],"shape_sd":["QD16","QD16","S4"],"sigma":3072,"k":3,"ncolls":7,"blocked":[true,true,true],"S_gens":"[(2,3)(5,11)(6,7)(8,9), (2,3)(4,5,6,11,10,8,7,9)]","T_gens":"[(3,7)(4,8)(5,11)(9,10), (2,4,11,8,6,9,5,10)(3,7)]","U_gens":"[(2,5)(4,11)(6,9)(7,10), (3,9,6,8)(4,5,11,10)]","semantics":"exact"}
*** KILL CANDIDATE: |Sigma|=3072 > beta_0=2304 ***
{"type":"config","target":"Stabilizer(MathieuGroup(11),1)","p":2,"shape":[16,16,24],"shape_sd":["QD16","QD16","S4"],"sigma":3072,"k":3,"ncolls":7,"blocked":[true,true,true],"S_gens":"[(2,3)(5,11)(6,7)(8,9), (2,3)(4,5,6,11,10,8,7,9)]","T_gens":"[(3,7)(4,8)(5,11)(9,10), (2,4,11,8,6,9,5,10)(3,7)]","U_gens":"[(2,5)(4,11)(6,9)(7,10), (3,9,6,8)(4,5,11,10)]","semantics":"exact"}
*** KILL CANDIDATE: |Sigma|=3072 > beta_0=2304 ***
{"type":"config","target":"Stabilizer(MathieuGroup(11),1)","p":2,"shape":[16,16,24],"shape_sd":["QD16","QD16","S4"],"sigma":3072,"k":3,"ncolls":7,"blocked":[true,true,true],"S_gens":"[(2,3)(5,11)(6,7)(8,9), (2,3)(4,5,6,11,10,8,7,9)]","T_gens":"[(3,8)(4,9)(6,11)(7,10), (2,11,10,6,5,4,7,9)(3,8)]","U_gens":"[(2,10)(5,6)(7,9)(8,11), (3,4,5,6)(7,10,9,11)]","semantics":"exact"}
*** KILL CANDIDATE: |Sigma|=3072 > beta_0=2304 ***
{"type":"config","target":"Stabilizer(MathieuGroup(11),1)","p":2,"shape":[16,16,24],"shape_sd":["QD16","QD16","S4"],"sigma":3072,"k":3,"ncolls":7,"blocked":[true,true,true],"S_gens":"[(2,3)(5,11)(6,7)(8,9), (2,3)(4,5,6,11,10,8,7,9)]","T_gens":"[(3,8)(4,9)(6,11)(7,10), (2,11,10,6,5,4,7,9)(3,8)]","U_gens":"[(2,10)(5,6)(7,9)(8,11), (3,4,5,6)(7,10,9,11)]","semantics":"exact"}
*** KILL CANDIDATE: |Sigma|=3072 > beta_0=2304 ***
{"type":"config","target":"Stabilizer(MathieuGroup(11),1)","p":2,"shape":[16,16,24],"shape_sd":["QD16","QD16","S4"],"sigma":3072,"k":3,"ncolls":7,"blocked":[true,true,true],"S_gens":"[(2,3)(5,11)(6,7)(8,9), (2,3)(4,5,6,11,10,8,7,9)]","T_gens":"[(3,9)(4,7)(5,6)(8,10), (2,8,7,10,11,6,4,5)(3,9)]","U_gens":"[(2,7)(4,5)(8,9)(10,11), (3,6,11,10)(4,7,5,8)]","semantics":"exact"}
*** KILL CANDIDATE: |Sigma|=3072 > beta_0=2304 ***
{"type":"config","target":"Stabilizer(MathieuGroup(11),1)","p":2,"shape":[16,16,24],"shape_sd":["QD16","QD16","S4"],"sigma":3072,"k":3,"ncolls":7,"blocked":[true,true,true],"S_gens":"[(2,3)(5,11)(6,7)(8,9), (2,3)(4,5,6,11,10,8,7,9)]","T_gens":"[(3,9)(4,7)(5,6)(8,10), (2,8,7,10,11,6,4,5)(3,9)]","U_gens":"[(2,7)(4,5)(8,9)(10,11), (3,6,11,10)(4,7,5,8)]","semantics":"exact"}
*** KILL CANDIDATE: |Sigma|=3072 > beta_0=2304 ***
{"type":"config","target":"Stabilizer(MathieuGroup(11),1)","p":2,"shape":[16,16,24],"shape_sd":["QD16","QD16","S4"],"sigma":3072,"k":3,"ncolls":7,"blocked":[true,true,true],"S_gens":"[(2,3)(5,11)(6,7)(8,9), (2,3)(4,5,6,11,10,8,7,9)]","T_gens":"[(3,10)(5,9)(6,8)(7,11), (2,7,5,11,4,8,9,6)(3,10)]","U_gens":"[(2,6)(3,11)(5,7)(9,10), (3,8,4,11)(5,6,7,9)]","semantics":"exact"}
*** KILL CANDIDATE: |Sigma|=3072 > beta_0=2304 ***
{"type":"config","target":"Stabilizer(MathieuGroup(11),1)","p":2,"shape":[16,16,24],"shape_sd":["QD16","QD16","S4"],"sigma":3072,"k":3,"ncolls":7,"blocked":[true,true,true],"S_gens":"[(2,3)(5,11)(6,7)(8,9), (2,3)(4,5,6,11,10,8,7,9)]","T_gens":"[(3,10)(5,9)(6,8)(7,11), (2,7,5,11,4,8,9,6)(3,10)]","U_gens":"[(2,6)(3,11)(5,7)(9,10), (3,8,4,11)(5,6,7,9)]","semantics":"exact"}
*** KILL CANDIDATE: |Sigma|=3072 > beta_0=2304 ***
{"type":"config","target":"Stabilizer(MathieuGroup(11),1)","p":2,"shape":[16,16,24],"shape_sd":["QD16","QD16","S4"],"sigma":3072,"k":3,"ncolls":7,"blocked":[true,true,true],"S_gens":"[(2,3)(5,11)(6,7)(8,9), (2,3)(4,5,6,11,10,8,7,9)]","T_gens":"[(3,11)(4,5)(6,10)(7,8), (2,5,6,4,9,7,10,8)(3,11)]","U_gens":"[(2,10)(5,6)(7,9)(8,11), (3,7,9,4)(5,10,6,8)]","semantics":"exact"}
*** KILL CANDIDATE: |Sigma|=3072 > beta_0=2304 ***
{"type":"config","target":"Stabilizer(MathieuGroup(11),1)","p":2,"shape":[16,16,24],"shape_sd":["QD16","QD16","S4"],"sigma":3072,"k":3,"ncolls":7,"blocked":[true,true,true],"S_gens":"[(2,3)(5,11)(6,7)(8,9), (2,3)(4,5,6,11,10,8,7,9)]","T_gens":"[(3,11)(4,5)(6,10)(7,8), (2,5,6,4,9,7,10,8)(3,11)]","U_gens":"[(2,10)(5,6)(7,9)(8,11), (3,7,9,4)(5,10,6,8)]","semantics":"exact"}
*** KILL CANDIDATE: |Sigma|=3072 > beta_0=2304 ***
SHAPE (16,16,24) p=2 k=3 |Sigma|=3072: frames=256 eligible=32 blocked=32 max_sigma=3072 elapsed=0.9s [145/349 shapes]
SHAPE (16,16,24) p=2 k=2 |Sigma|=3072: frames=256 eligible=0 blocked=0 max_sigma=3072 elapsed=0.8s [146/349 shapes]
{"type":"config","target":"Stabilizer(MathieuGroup(11),1)","p":2,"shape":[16,24,16],"shape_sd":["QD16","S4","QD16"],"sigma":3072,"k":2,"ncolls":7,"blocked":[true,true,true],"S_gens":"[(2,3)(5,11)(6,7)(8,9), (2,3)(4,5,6,11,10,8,7,9)]","T_gens":"[(2,11)(4,7)(5,10)(6,8), (3,5,10,9)(6,11,8,7)]","U_gens":"[(3,4)(5,7)(6,9)(8,11), (2,6,8,9,10,5,11,7)(3,4)]","semantics":"exact"}
*** KILL CANDIDATE: |Sigma|=3072 > beta_0=2304 ***
{"type":"config","target":"Stabilizer(MathieuGroup(11),1)","p":2,"shape":[16,24,16],"shape_sd":["QD16","S4","QD16"],"sigma":3072,"k":2,"ncolls":7,"blocked":[true,true,true],"S_gens":"[(2,3)(5,11)(6,7)(8,9), (2,3)(4,5,6,11,10,8,7,9)]","T_gens":"[(2,11)(3,7)(4,9)(5,6), (3,10,8,7)(4,11,9,6)]","U_gens":"[(3,5)(4,6)(7,9)(10,11), (2,9,4,7,8,10,6,11)(3,5)]","semantics":"exact"}
*** KILL CANDIDATE: |Sigma|=3072 > beta_0=2304 ***
{"type":"config","target":"Stabilizer(MathieuGroup(11),1)","p":2,"shape":[16,24,16],"shape_sd":["QD16","S4","QD16"],"sigma":3072,"k":2,"ncolls":7,"blocked":[true,true,true],"S_gens":"[(2,3)(5,11)(6,7)(8,9), (2,3)(4,5,6,11,10,8,7,9)]","T_gens":"[(2,10)(3,11)(4,8)(6,9), (3,11,7,5)(4,10,8,9)]","U_gens":"[(3,6)(4,11)(5,10)(8,9), (2,10,9,5,7,11,8,4)(3,6)]","semantics":"exact"}
*** KILL CANDIDATE: |Sigma|=3072 > beta_0=2304 ***
{"type":"config","target":"Stabilizer(MathieuGroup(11),1)","p":2,"shape":[16,24,16],"shape_sd":["QD16","S4","QD16"],"sigma":3072,"k":2,"ncolls":7,"blocked":[true,true,true],"S_gens":"[(2,3)(5,11)(6,7)(8,9), (2,3)(4,5,6,11,10,8,7,9)]","T_gens":"[(2,5)(4,11)(6,9)(7,10), (3,9,6,8)(4,5,11,10)]","U_gens":"[(3,7)(4,8)(5,11)(9,10), (2,4,11,8,6,9,5,10)(3,7)]","semantics":"exact"}
*** KILL CANDIDATE: |Sigma|=3072 > beta_0=2304 ***
{"type":"config","target":"Stabilizer(MathieuGroup(11),1)","p":2,"shape":[16,24,16],"shape_sd":["QD16","S4","QD16"],"sigma":3072,"k":2,"ncolls":7,"blocked":[true,true,true],"S_gens":"[(2,3)(5,11)(6,7)(8,9), (2,3)(4,5,6,11,10,8,7,9)]","T_gens":"[(2,10)(5,6)(7,9)(8,11), (3,4,5,6)(7,10,9,11)]","U_gens":"[(3,8)(4,9)(6,11)(7,10), (2,11,10,6,5,4,7,9)(3,8)]","semantics":"exact"}
*** KILL CANDIDATE: |Sigma|=3072 > beta_0=2304 ***
{"type":"config","target":"Stabilizer(MathieuGroup(11),1)","p":2,"shape":[16,24,16],"shape_sd":["QD16","S4","QD16"],"sigma":3072,"k":2,"ncolls":7,"blocked":[true,true,true],"S_gens":"[(2,3)(5,11)(6,7)(8,9), (2,3)(4,5,6,11,10,8,7,9)]","T_gens":"[(2,7)(4,5)(8,9)(10,11), (3,6,11,10)(4,7,5,8)]","U_gens":"[(3,9)(4,7)(5,6)(8,10), (2,8,7,10,11,6,4,5)(3,9)]","semantics":"exact"}
*** KILL CANDIDATE: |Sigma|=3072 > beta_0=2304 ***
{"type":"config","target":"Stabilizer(MathieuGroup(11),1)","p":2,"shape":[16,24,16],"shape_sd":["QD16","S4","QD16"],"sigma":3072,"k":2,"ncolls":7,"blocked":[true,true,true],"S_gens":"[(2,3)(5,11)(6,7)(8,9), (2,3)(4,5,6,11,10,8,7,9)]","T_gens":"[(2,6)(3,11)(5,7)(9,10), (3,8,4,11)(5,6,7,9)]","U_gens":"[(3,10)(5,9)(6,8)(7,11), (2,7,5,11,4,8,9,6)(3,10)]","semantics":"exact"}
*** KILL CANDIDATE: |Sigma|=3072 > beta_0=2304 ***
{"type":"config","target":"Stabilizer(MathieuGroup(11),1)","p":2,"shape":[16,24,16],"shape_sd":["QD16","S4","QD16"],"sigma":3072,"k":2,"ncolls":7,"blocked":[true,true,true],"S_gens":"[(2,3)(5,11)(6,7)(8,9), (2,3)(4,5,6,11,10,8,7,9)]","T_gens":"[(2,10)(5,6)(7,9)(8,11), (3,7,9,4)(5,10,6,8)]","U_gens":"[(3,11)(4,5)(6,10)(7,8), (2,5,6,4,9,7,10,8)(3,11)]","semantics":"exact"}
*** KILL CANDIDATE: |Sigma|=3072 > beta_0=2304 ***
{"type":"config","target":"Stabilizer(MathieuGroup(11),1)","p":2,"shape":[16,24,16],"shape_sd":["QD16","S4","QD16"],"sigma":3072,"k":2,"ncolls":7,"blocked":[true,true,true],"S_gens":"[(2,3)(5,11)(6,7)(8,9), (2,3)(4,5,6,11,10,8,7,9)]","T_gens":"[(3,9)(4,7)(5,6)(8,10), (2,11,10,8)(5,9,6,7)]","U_gens":"[(2,4)(5,9)(6,11)(7,8), (2,4)(3,7,9,8,10,11,5,6)]","semantics":"exact"}
*** KILL CANDIDATE: |Sigma|=3072 > beta_0=2304 ***
{"type":"config","target":"Stabilizer(MathieuGroup(11),1)","p":2,"shape":[16,24,16],"shape_sd":["QD16","S4","QD16"],"sigma":3072,"k":2,"ncolls":7,"blocked":[true,true,true],"S_gens":"[(2,3)(5,11)(6,7)(8,9), (2,3)(4,5,6,11,10,8,7,9)]","T_gens":"[(2,4)(3,9)(5,10)(7,11), (2,6,8,4)(7,9,11,10)]","U_gens":"[(2,5)(4,11)(6,9)(7,10), (2,5)(3,11,7,4,8,6,10,9)]","semantics":"exact"}
*** KILL CANDIDATE: |Sigma|=3072 > beta_0=2304 ***
{"type":"config","target":"Stabilizer(MathieuGroup(11),1)","p":2,"shape":[16,24,16],"shape_sd":["QD16","S4","QD16"],"sigma":3072,"k":2,"ncolls":7,"blocked":[true,true,true],"S_gens":"[(2,3)(5,11)(6,7)(8,9), (2,3)(4,5,6,11,10,8,7,9)]","T_gens":"[(3,11)(4,5)(6,10)(7,8), (2,8,7,9)(4,11,5,10)]","U_gens":"[(2,6)(4,9)(5,11)(8,10), (2,6)(3,4,5,9,7,8,11,10)]","semantics":"exact"}
*** KILL CANDIDATE: |Sigma|=3072 > beta_0=2304 ***
{"type":"config","target":"Stabilizer(MathieuGroup(11),1)","p":2,"shape":[16,24,16],"shape_sd":["QD16","S4","QD16"],"sigma":3072,"k":2,"ncolls":7,"blocked":[true,true,true],"S_gens":"[(2,3)(5,11)(6,7)(8,9), (2,3)(4,5,6,11,10,8,7,9)]","T_gens":"[(2,5)(3,10)(4,9)(7,8), (2,5,6,11)(4,10,9,8)]","U_gens":"[(2,7)(4,5)(8,9)(10,11), (2,7)(3,10,8,11,6,5,9,4)]","semantics":"exact"}
*** KILL CANDIDATE: |Sigma|=3072 > beta_0=2304 ***
{"type":"config","target":"Stabilizer(MathieuGroup(11),1)","p":2,"shape":[16,24,16],"shape_sd":["QD16","S4","QD16"],"sigma":3072,"k":2,"ncolls":7,"blocked":[true,true,true],"S_gens":"[(2,3)(5,11)(6,7)(8,9), (2,3)(4,5,6,11,10,8,7,9)]","T_gens":"[(3,6)(4,11)(5,10)(8,9), (2,7,5,10)(4,6,11,9)]","U_gens":"[(2,8)(4,6)(7,11)(9,10), (2,8)(3,9,6,10,5,7,4,11)]","semantics":"exact"}
*** KILL CANDIDATE: |Sigma|=3072 > beta_0=2304 ***
{"type":"config","target":"Stabilizer(MathieuGroup(11),1)","p":2,"shape":[16,24,16],"shape_sd":["QD16","S4","QD16"],"sigma":3072,"k":2,"ncolls":7,"blocked":[true,true,true],"S_gens":"[(2,3)(5,11)(6,7)(8,9), (2,3)(4,5,6,11,10,8,7,9)]","T_gens":"[(3,6)(4,11)(5,10)(8,9), (2,4,11,7)(5,6,10,8)]","U_gens":"[(2,9)(4,8)(5,7)(6,10), (2,9)(3,5,10,7,11,4,6,8)]","semantics":"exact"}
*** KILL CANDIDATE: |Sigma|=3072 > beta_0=2304 ***
{"type":"config","target":"Stabilizer(MathieuGroup(11),1)","p":2,"shape":[16,24,16],"shape_sd":["QD16","S4","QD16"],"sigma":3072,"k":2,"ncolls":7,"blocked":[true,true,true],"S_gens":"[(2,3)(5,11)(6,7)(8,9), (2,3)(4,5,6,11,10,8,7,9)]","T_gens":"[(3,8)(4,9)(6,11)(7,10), (2,9,4,5)(6,8,11,7)]","U_gens":"[(2,10)(5,6)(7,9)(8,11), (2,10)(3,6,11,5,4,9,8,7)]","semantics":"exact"}
*** KILL CANDIDATE: |Sigma|=3072 > beta_0=2304 ***
{"type":"config","target":"Stabilizer(MathieuGroup(11),1)","p":2,"shape":[16,24,16],"shape_sd":["QD16","S4","QD16"],"sigma":3072,"k":2,"ncolls":7,"blocked":[true,true,true],"S_gens":"[(2,3)(5,11)(6,7)(8,9), (2,3)(4,5,6,11,10,8,7,9)]","T_gens":"[(2,6)(3,5)(4,8)(7,11), (2,10,9,6)(4,5,8,7)]","U_gens":"[(2,11)(4,7)(5,10)(6,8), (2,11)(3,8,4,6,9,10,7,5)]","semantics":"exact"}
*** KILL CANDIDATE: |Sigma|=3072 > beta_0=2304 ***
SHAPE (16,24,16) p=2 k=2 |Sigma|=3072: frames=256 eligible=16 blocked=16 max_sigma=3072 elapsed=0.8s [147/349 shapes]
SHAPE (8,72,9) p=2 k=2 |Sigma|=2592: frames=72 eligible=0 blocked=0 max_sigma=3072 elapsed=0.4s [238/349 shapes]
SHAPE (8,72,9) p=2 k=2 |Sigma|=2592: frames=72 eligible=0 blocked=0 max_sigma=3072 elapsed=0.3s [245/349 shapes]
SHAPE (16,16,20) p=2 k=3 |Sigma|=2560: frames=240 eligible=0 blocked=0 max_sigma=3072 elapsed=0.7s [269/349 shapes]
{"type":"config","target":"Stabilizer(MathieuGroup(11),1)","p":2,"shape":[16,16,20],"shape_sd":["QD16","QD16","C5 : C4"],"sigma":2560,"k":2,"ncolls":8,"blocked":[true,true,true],"S_gens":"[(2,3)(5,11)(6,7)(8,9), (2,3)(4,5,6,11,10,8,7,9)]","T_gens":"[(3,11)(4,5)(6,10)(7,8), (2,3,8,11,9,6,7,10)(4,5)]","U_gens":"[(3,6)(4,11)(5,10)(8,9), (2,4,9,8)(5,10,7,6)]","semantics":"exact"}
*** KILL CANDIDATE: |Sigma|=2560 > beta_0=2304 ***
{"type":"config","target":"Stabilizer(MathieuGroup(11),1)","p":2,"shape":[16,16,20],"shape_sd":["QD16","QD16","C5 : C4"],"sigma":2560,"k":2,"ncolls":8,"blocked":[true,true,true],"S_gens":"[(2,3)(5,11)(6,7)(8,9), (2,3)(4,5,6,11,10,8,7,9)]","T_gens":"[(3,11)(4,5)(6,10)(7,8), (2,3,8,11,9,6,7,10)(4,5)]","U_gens":"[(3,5)(4,6)(7,9)(10,11), (2,4,10,11)(3,5,8,7)]","semantics":"exact"}
*** KILL CANDIDATE: |Sigma|=2560 > beta_0=2304 ***
{"type":"config","target":"Stabilizer(MathieuGroup(11),1)","p":2,"shape":[16,16,20],"shape_sd":["QD16","QD16","C5 : C4"],"sigma":2560,"k":2,"ncolls":8,"blocked":[true,true,true],"S_gens":"[(2,3)(5,11)(6,7)(8,9), (2,3)(4,5,6,11,10,8,7,9)]","T_gens":"[(3,7)(4,8)(5,11)(9,10), (2,7,9,3,6,5,10,11)(4,8)]","U_gens":"[(3,4)(5,7)(6,9)(8,11), (2,5,11,8)(3,6,9,10)]","semantics":"exact"}
*** KILL CANDIDATE: |Sigma|=2560 > beta_0=2304 ***
{"type":"config","target":"Stabilizer(MathieuGroup(11),1)","p":2,"shape":[16,16,20],"shape_sd":["QD16","QD16","C5 : C4"],"sigma":2560,"k":2,"ncolls":8,"blocked":[true,true,true],"S_gens":"[(2,3)(5,11)(6,7)(8,9), (2,3)(4,5,6,11,10,8,7,9)]","T_gens":"[(3,7)(4,8)(5,11)(9,10), (2,7,9,3,6,5,10,11)(4,8)]","U_gens":"[(3,11)(4,5)(6,10)(7,8), (2,6,7,8)(3,11,9,4)]","semantics":"exact"}
*** KILL CANDIDATE: |Sigma|=2560 > beta_0=2304 ***
{"type":"config","target":"Stabilizer(MathieuGroup(11),1)","p":2,"shape":[16,16,20],"shape_sd":["QD16","QD16","C5 : C4"],"sigma":2560,"k":2,"ncolls":8,"blocked":[true,true,true],"S_gens":"[(2,3)(5,11)(6,7)(8,9), (2,3)(4,5,6,11,10,8,7,9)]","T_gens":"[(3,8)(4,9)(6,11)(7,10), (2,10,6,7,5,8,11,3)(4,9)]","U_gens":"[(2,4)(5,9)(6,11)(7,8), (2,10,7,4)(3,5,6,11)]","semantics":"exact"}
*** KILL CANDIDATE: |Sigma|=2560 > beta_0=2304 ***
{"type":"config","target":"Stabilizer(MathieuGroup(11),1)","p":2,"shape":[16,16,20],"shape_sd":["QD16","QD16","C5 : C4"],"sigma":2560,"k":2,"ncolls":8,"blocked":[true,true,true],"S_gens":"[(2,3)(5,11)(6,7)(8,9), (2,3)(4,5,6,11,10,8,7,9)]","T_gens":"[(3,8)(4,9)(6,11)(7,10), (2,10,6,7,5,8,11,3)(4,9)]","U_gens":"[(2,5)(4,11)(6,9)(7,10), (2,11,4,8)(3,6,10,7)]","semantics":"exact"}
*** KILL CANDIDATE: |Sigma|=2560 > beta_0=2304 ***
{"type":"config","target":"Stabilizer(MathieuGroup(11),1)","p":2,"shape":[16,16,20],"shape_sd":["QD16","QD16","C5 : C4"],"sigma":2560,"k":2,"ncolls":8,"blocked":[true,true,true],"S_gens":"[(2,3)(5,11)(6,7)(8,9), (2,3)(4,5,6,11,10,8,7,9)]","T_gens":"[(3,6)(4,11)(5,10)(8,9), (2,8,10,9,7,3,5,6)(4,11)]","U_gens":"[(2,7)(4,5)(8,9)(10,11), (3,4,8,9)(6,7,11,10)]","semantics":"exact"}
*** KILL CANDIDATE: |Sigma|=2560 > beta_0=2304 ***
{"type":"config","target":"Stabilizer(MathieuGroup(11),1)","p":2,"shape":[16,16,20],"shape_sd":["QD16","QD16","C5 : C4"],"sigma":2560,"k":2,"ncolls":8,"blocked":[true,true,true],"S_gens":"[(2,3)(5,11)(6,7)(8,9), (2,3)(4,5,6,11,10,8,7,9)]","T_gens":"[(3,6)(4,11)(5,10)(8,9), (2,8,10,9,7,3,5,6)(4,11)]","U_gens":"[(2,11)(4,7)(5,10)(6,8), (2,11,9,6)(3,4,10,5)]","semantics":"exact"}
*** KILL CANDIDATE: |Sigma|=2560 > beta_0=2304 ***
{"type":"config","target":"Stabilizer(MathieuGroup(11),1)","p":2,"shape":[16,16,20],"shape_sd":["QD16","QD16","C5 : C4"],"sigma":2560,"k":2,"ncolls":8,"blocked":[true,true,true],"S_gens":"[(2,3)(5,11)(6,7)(8,9), (2,3)(4,5,6,11,10,8,7,9)]","T_gens":"[(3,9)(4,7)(5,6)(8,10), (2,4,8,7,11,3,10,9)(5,6)]","U_gens":"[(2,11)(4,7)(5,10)(6,8), (2,11,9,6)(3,4,10,5)]","semantics":"exact"}
*** KILL CANDIDATE: |Sigma|=2560 > beta_0=2304 ***
{"type":"config","target":"Stabilizer(MathieuGroup(11),1)","p":2,"shape":[16,16,20],"shape_sd":["QD16","QD16","C5 : C4"],"sigma":2560,"k":2,"ncolls":8,"blocked":[true,true,true],"S_gens":"[(2,3)(5,11)(6,7)(8,9), (2,3)(4,5,6,11,10,8,7,9)]","T_gens":"[(3,9)(4,7)(5,6)(8,10), (2,4,8,7,11,3,10,9)(5,6)]","U_gens":"[(2,6)(4,9)(5,11)(8,10), (2,6,7,9)(3,5,8,10)]","semantics":"exact"}
*** KILL CANDIDATE: |Sigma|=2560 > beta_0=2304 ***
{"type":"config","target":"Stabilizer(MathieuGroup(11),1)","p":2,"shape":[16,16,20],"shape_sd":["QD16","QD16","C5 : C4"],"sigma":2560,"k":2,"ncolls":8,"blocked":[true,true,true],"S_gens":"[(2,3)(5,11)(6,7)(8,9), (2,3)(4,5,6,11,10,8,7,9)]","T_gens":"[(3,4)(5,7)(6,9)(8,11), (2,8,9,11,10,4,6,3)(5,7)]","U_gens":"[(2,5)(4,11)(6,9)(7,10), (2,11,4,8)(3,6,10,7)]","semantics":"exact"}
*** KILL CANDIDATE: |Sigma|=2560 > beta_0=2304 ***
{"type":"config","target":"Stabilizer(MathieuGroup(11),1)","p":2,"shape":[16,16,20],"shape_sd":["QD16","QD16","C5 : C4"],"sigma":2560,"k":2,"ncolls":8,"blocked":[true,true,true],"S_gens":"[(2,3)(5,11)(6,7)(8,9), (2,3)(4,5,6,11,10,8,7,9)]","T_gens":"[(3,4)(5,7)(6,9)(8,11), (2,8,9,11,10,4,6,3)(5,7)]","U_gens":"[(2,10)(5,6)(7,9)(8,11), (3,7,11,8)(4,10,5,6)]","semantics":"exact"}
*** KILL CANDIDATE: |Sigma|=2560 > beta_0=2304 ***
{"type":"config","target":"Stabilizer(MathieuGroup(11),1)","p":2,"shape":[16,16,20],"shape_sd":["QD16","QD16","C5 : C4"],"sigma":2560,"k":2,"ncolls":8,"blocked":[true,true,true],"S_gens":"[(2,3)(5,11)(6,7)(8,9), (2,3)(4,5,6,11,10,8,7,9)]","T_gens":"[(3,6)(4,11)(5,10)(8,9), (2,3,4,6,7,9,11,8)(5,10)]","U_gens":"[(3,9)(4,7)(5,6)(8,10), (2,4,5,6)(3,11,8,9)]","semantics":"exact"}
*** KILL CANDIDATE: |Sigma|=2560 > beta_0=2304 ***
{"type":"config","target":"Stabilizer(MathieuGroup(11),1)","p":2,"shape":[16,16,20],"shape_sd":["QD16","QD16","C5 : C4"],"sigma":2560,"k":2,"ncolls":8,"blocked":[true,true,true],"S_gens":"[(2,3)(5,11)(6,7)(8,9), (2,3)(4,5,6,11,10,8,7,9)]","T_gens":"[(3,6)(4,11)(5,10)(8,9), (2,3,4,6,7,9,11,8)(5,10)]","U_gens":"[(3,10)(5,9)(6,8)(7,11), (2,5,8,6)(3,10,4,11)]","semantics":"exact"}
*** KILL CANDIDATE: |Sigma|=2560 > beta_0=2304 ***
{"type":"config","target":"Stabilizer(MathieuGroup(11),1)","p":2,"shape":[16,16,20],"shape_sd":["QD16","QD16","C5 : C4"],"sigma":2560,"k":2,"ncolls":8,"blocked":[true,true,true],"S_gens":"[(2,3)(5,11)(6,7)(8,9), (2,3)(4,5,6,11,10,8,7,9)]","T_gens":"[(3,10)(5,9)(6,8)(7,11), (2,9,7,5,4,3,11,10)(6,8)]","U_gens":"[(2,8)(4,6)(7,11)(9,10), (2,5,9,8)(3,4,11,7)]","semantics":"exact"}
*** KILL CANDIDATE: |Sigma|=2560 > beta_0=2304 ***
{"type":"config","target":"Stabilizer(MathieuGroup(11),1)","p":2,"shape":[16,16,20],"shape_sd":["QD16","QD16","C5 : C4"],"sigma":2560,"k":2,"ncolls":8,"blocked":[true,true,true],"S_gens":"[(2,3)(5,11)(6,7)(8,9), (2,3)(4,5,6,11,10,8,7,9)]","T_gens":"[(3,10)(5,9)(6,8)(7,11), (2,9,7,5,4,3,11,10)(6,8)]","U_gens":"[(2,4)(5,9)(6,11)(7,8), (2,10,7,4)(3,5,6,11)]","semantics":"exact"}
*** KILL CANDIDATE: |Sigma|=2560 > beta_0=2304 ***
{"type":"config","target":"Stabilizer(MathieuGroup(11),1)","p":2,"shape":[16,16,20],"shape_sd":["QD16","QD16","C5 : C4"],"sigma":2560,"k":2,"ncolls":8,"blocked":[true,true,true],"S_gens":"[(2,3)(5,11)(6,7)(8,9), (2,3)(4,5,6,11,10,8,7,9)]","T_gens":"[(3,4)(5,7)(6,9)(8,11), (2,4,5,3,10,11,7,8)(6,9)]","U_gens":"[(3,8)(4,9)(6,11)(7,10), (2,4,7,10)(3,11,6,5)]","semantics":"exact"}
*** KILL CANDIDATE: |Sigma|=2560 > beta_0=2304 ***
{"type":"config","target":"Stabilizer(MathieuGroup(11),1)","p":2,"shape":[16,16,20],"shape_sd":["QD16","QD16","C5 : C4"],"sigma":2560,"k":2,"ncolls":8,"blocked":[true,true,true],"S_gens":"[(2,3)(5,11)(6,7)(8,9), (2,3)(4,5,6,11,10,8,7,9)]","T_gens":"[(3,4)(5,7)(6,9)(8,11), (2,4,5,3,10,11,7,8)(6,9)]","U_gens":"[(3,6)(4,11)(5,10)(8,9), (2,4,9,8)(5,10,7,6)]","semantics":"exact"}
*** KILL CANDIDATE: |Sigma|=2560 > beta_0=2304 ***
{"type":"config","target":"Stabilizer(MathieuGroup(11),1)","p":2,"shape":[16,16,20],"shape_sd":["QD16","QD16","C5 : C4"],"sigma":2560,"k":2,"ncolls":8,"blocked":[true,true,true],"S_gens":"[(2,3)(5,11)(6,7)(8,9), (2,3)(4,5,6,11,10,8,7,9)]","T_gens":"[(3,8)(4,9)(6,11)(7,10), (2,3,9,8,5,10,4,7)(6,11)]","U_gens":"[(3,10)(5,9)(6,8)(7,11), (2,5,8,6)(3,10,4,11)]","semantics":"exact"}
*** KILL CANDIDATE: |Sigma|=2560 > beta_0=2304 ***
{"type":"config","target":"Stabilizer(MathieuGroup(11),1)","p":2,"shape":[16,16,20],"shape_sd":["QD16","QD16","C5 : C4"],"sigma":2560,"k":2,"ncolls":8,"blocked":[true,true,true],"S_gens":"[(2,3)(5,11)(6,7)(8,9), (2,3)(4,5,6,11,10,8,7,9)]","T_gens":"[(3,8)(4,9)(6,11)(7,10), (2,3,9,8,5,10,4,7)(6,11)]","U_gens":"[(3,11)(4,5)(6,10)(7,8), (2,6,7,8)(3,11,9,4)]","semantics":"exact"}
*** KILL CANDIDATE: |Sigma|=2560 > beta_0=2304 ***
{"type":"config","target":"Stabilizer(MathieuGroup(11),1)","p":2,"shape":[16,16,20],"shape_sd":["QD16","QD16","C5 : C4"],"sigma":2560,"k":2,"ncolls":8,"blocked":[true,true,true],"S_gens":"[(2,3)(5,11)(6,7)(8,9), (2,3)(4,5,6,11,10,8,7,9)]","T_gens":"[(3,11)(4,5)(6,10)(7,8), (2,6,4,10,9,11,5,3)(7,8)]","U_gens":"[(2,9)(4,8)(5,7)(6,10), (2,5,7,11)(3,4,6,10)]","semantics":"exact"}
*** KILL CANDIDATE: |Sigma|=2560 > beta_0=2304 ***
{"type":"config","target":"Stabilizer(MathieuGroup(11),1)","p":2,"shape":[16,16,20],"shape_sd":["QD16","QD16","C5 : C4"],"sigma":2560,"k":2,"ncolls":8,"blocked":[true,true,true],"S_gens":"[(2,3)(5,11)(6,7)(8,9), (2,3)(4,5,6,11,10,8,7,9)]","T_gens":"[(3,11)(4,5)(6,10)(7,8), (2,6,4,10,9,11,5,3)(7,8)]","U_gens":"[(2,7)(4,5)(8,9)(10,11), (3,4,8,9)(6,7,11,10)]","semantics":"exact"}
*** KILL CANDIDATE: |Sigma|=2560 > beta_0=2304 ***
{"type":"config","target":"Stabilizer(MathieuGroup(11),1)","p":2,"shape":[16,16,20],"shape_sd":["QD16","QD16","C5 : C4"],"sigma":2560,"k":2,"ncolls":8,"blocked":[true,true,true],"S_gens":"[(2,3)(5,11)(6,7)(8,9), (2,3)(4,5,6,11,10,8,7,9)]","T_gens":"[(3,5)(4,6)(7,9)(10,11), (2,3,11,5,8,4,10,6)(7,9)]","U_gens":"[(3,9)(4,7)(5,6)(8,10), (2,4,5,6)(3,11,8,9)]","semantics":"exact"}
*** KILL CANDIDATE: |Sigma|=2560 > beta_0=2304 ***
{"type":"config","target":"Stabilizer(MathieuGroup(11),1)","p":2,"shape":[16,16,20],"shape_sd":["QD16","QD16","C5 : C4"],"sigma":2560,"k":2,"ncolls":8,"blocked":[true,true,true],"S_gens":"[(2,3)(5,11)(6,7)(8,9), (2,3)(4,5,6,11,10,8,7,9)]","T_gens":"[(3,5)(4,6)(7,9)(10,11), (2,3,11,5,8,4,10,6)(7,9)]","U_gens":"[(3,4)(5,7)(6,9)(8,11), (2,5,11,8)(3,6,9,10)]","semantics":"exact"}
*** KILL CANDIDATE: |Sigma|=2560 > beta_0=2304 ***
{"type":"config","target":"Stabilizer(MathieuGroup(11),1)","p":2,"shape":[16,16,20],"shape_sd":["QD16","QD16","C5 : C4"],"sigma":2560,"k":2,"ncolls":8,"blocked":[true,true,true],"S_gens":"[(2,3)(5,11)(6,7)(8,9), (2,3)(4,5,6,11,10,8,7,9)]","T_gens":"[(3,10)(5,9)(6,8)(7,11), (2,10,8,3,4,9,6,5)(7,11)]","U_gens":"[(3,5)(4,6)(7,9)(10,11), (2,4,10,11)(3,5,8,7)]","semantics":"exact"}
*** KILL CANDIDATE: |Sigma|=2560 > beta_0=2304 ***
{"type":"config","target":"Stabilizer(MathieuGroup(11),1)","p":2,"shape":[16,16,20],"shape_sd":["QD16","QD16","C5 : C4"],"sigma":2560,"k":2,"ncolls":8,"blocked":[true,true,true],"S_gens":"[(2,3)(5,11)(6,7)(8,9), (2,3)(4,5,6,11,10,8,7,9)]","T_gens":"[(3,10)(5,9)(6,8)(7,11), (2,10,8,3,4,9,6,5)(7,11)]","U_gens":"[(3,7)(4,8)(5,11)(9,10), (2,5,10,9)(3,6,4,7)]","semantics":"exact"}
*** KILL CANDIDATE: |Sigma|=2560 > beta_0=2304 ***
{"type":"config","target":"Stabilizer(MathieuGroup(11),1)","p":2,"shape":[16,16,20],"shape_sd":["QD16","QD16","C5 : C4"],"sigma":2560,"k":2,"ncolls":8,"blocked":[true,true,true],"S_gens":"[(2,3)(5,11)(6,7)(8,9), (2,3)(4,5,6,11,10,8,7,9)]","T_gens":"[(3,9)(4,7)(5,6)(8,10), (2,9,6,3,11,4,5,7)(8,10)]","U_gens":"[(3,8)(4,9)(6,11)(7,10), (2,4,7,10)(3,11,6,5)]","semantics":"exact"}
*** KILL CANDIDATE: |Sigma|=2560 > beta_0=2304 ***
{"type":"config","target":"Stabilizer(MathieuGroup(11),1)","p":2,"shape":[16,16,20],"shape_sd":["QD16","QD16","C5 : C4"],"sigma":2560,"k":2,"ncolls":8,"blocked":[true,true,true],"S_gens":"[(2,3)(5,11)(6,7)(8,9), (2,3)(4,5,6,11,10,8,7,9)]","T_gens":"[(3,9)(4,7)(5,6)(8,10), (2,9,6,3,11,4,5,7)(8,10)]","U_gens":"[(3,7)(4,8)(5,11)(9,10), (2,5,10,9)(3,6,4,7)]","semantics":"exact"}
*** KILL CANDIDATE: |Sigma|=2560 > beta_0=2304 ***
{"type":"config","target":"Stabilizer(MathieuGroup(11),1)","p":2,"shape":[16,16,20],"shape_sd":["QD16","QD16","C5 : C4"],"sigma":2560,"k":2,"ncolls":8,"blocked":[true,true,true],"S_gens":"[(2,3)(5,11)(6,7)(8,9), (2,3)(4,5,6,11,10,8,7,9)]","T_gens":"[(3,7)(4,8)(5,11)(9,10), (2,11,8,5,6,7,4,3)(9,10)]","U_gens":"[(2,9)(4,8)(5,7)(6,10), (2,5,7,11)(3,4,6,10)]","semantics":"exact"}
*** KILL CANDIDATE: |Sigma|=2560 > beta_0=2304 ***
{"type":"config","target":"Stabilizer(MathieuGroup(11),1)","p":2,"shape":[16,16,20],"shape_sd":["QD16","QD16","C5 : C4"],"sigma":2560,"k":2,"ncolls":8,"blocked":[true,true,true],"S_gens":"[(2,3)(5,11)(6,7)(8,9), (2,3)(4,5,6,11,10,8,7,9)]","T_gens":"[(3,7)(4,8)(5,11)(9,10), (2,11,8,5,6,7,4,3)(9,10)]","U_gens":"[(2,6)(4,9)(5,11)(8,10), (2,6,7,9)(3,5,8,10)]","semantics":"exact"}
*** KILL CANDIDATE: |Sigma|=2560 > beta_0=2304 ***
{"type":"config","target":"Stabilizer(MathieuGroup(11),1)","p":2,"shape":[16,16,20],"shape_sd":["QD16","QD16","C5 : C4"],"sigma":2560,"k":2,"ncolls":8,"blocked":[true,true,true],"S_gens":"[(2,3)(5,11)(6,7)(8,9), (2,3)(4,5,6,11,10,8,7,9)]","T_gens":"[(3,5)(4,6)(7,9)(10,11), (2,4,7,6,8,5,9,3)(10,11)]","U_gens":"[(2,8)(4,6)(7,11)(9,10), (2,5,9,8)(3,4,11,7)]","semantics":"exact"}
*** KILL CANDIDATE: |Sigma|=2560 > beta_0=2304 ***
{"type":"config","target":"Stabilizer(MathieuGroup(11),1)","p":2,"shape":[16,16,20],"shape_sd":["QD16","QD16","C5 : C4"],"sigma":2560,"k":2,"ncolls":8,"blocked":[true,true,true],"S_gens":"[(2,3)(5,11)(6,7)(8,9), (2,3)(4,5,6,11,10,8,7,9)]","T_gens":"[(3,5)(4,6)(7,9)(10,11), (2,4,7,6,8,5,9,3)(10,11)]","U_gens":"[(2,10)(5,6)(7,9)(8,11), (3,7,11,8)(4,10,5,6)]","semantics":"exact"}
*** KILL CANDIDATE: |Sigma|=2560 > beta_0=2304 ***
SHAPE (16,16,20) p=2 k=2 |Sigma|=2560: frames=240 eligible=32 blocked=32 max_sigma=3072 elapsed=0.8s [270/349 shapes]
{"type":"config","target":"Stabilizer(MathieuGroup(11),1)","p":2,"shape":[16,20,16],"shape_sd":["QD16","C5 : C4","QD16"],"sigma":2560,"k":2,"ncolls":8,"blocked":[true,true,true],"S_gens":"[(2,3)(5,11)(6,7)(8,9), (2,3)(4,5,6,11,10,8,7,9)]","T_gens":"[(3,9)(4,7)(5,6)(8,10), (2,4,5,6)(3,11,8,9)]","U_gens":"[(3,5)(4,6)(7,9)(10,11), (2,3,11,5,8,4,10,6)(7,9)]","semantics":"exact"}
*** KILL CANDIDATE: |Sigma|=2560 > beta_0=2304 ***
{"type":"config","target":"Stabilizer(MathieuGroup(11),1)","p":2,"shape":[16,20,16],"shape_sd":["QD16","C5 : C4","QD16"],"sigma":2560,"k":2,"ncolls":8,"blocked":[true,true,true],"S_gens":"[(2,3)(5,11)(6,7)(8,9), (2,3)(4,5,6,11,10,8,7,9)]","T_gens":"[(3,8)(4,9)(6,11)(7,10), (2,4,7,10)(3,11,6,5)]","U_gens":"[(3,9)(4,7)(5,6)(8,10), (2,9,6,3,11,4,5,7)(8,10)]","semantics":"exact"}
*** KILL CANDIDATE: |Sigma|=2560 > beta_0=2304 ***
{"type":"config","target":"Stabilizer(MathieuGroup(11),1)","p":2,"shape":[16,20,16],"shape_sd":["QD16","C5 : C4","QD16"],"sigma":2560,"k":2,"ncolls":8,"blocked":[true,true,true],"S_gens":"[(2,3)(5,11)(6,7)(8,9), (2,3)(4,5,6,11,10,8,7,9)]","T_gens":"[(3,6)(4,11)(5,10)(8,9), (2,4,9,8)(5,10,7,6)]","U_gens":"[(3,4)(5,7)(6,9)(8,11), (2,4,5,3,10,11,7,8)(6,9)]","semantics":"exact"}
*** KILL CANDIDATE: |Sigma|=2560 > beta_0=2304 ***
{"type":"config","target":"Stabilizer(MathieuGroup(11),1)","p":2,"shape":[16,20,16],"shape_sd":["QD16","C5 : C4","QD16"],"sigma":2560,"k":2,"ncolls":8,"blocked":[true,true,true],"S_gens":"[(2,3)(5,11)(6,7)(8,9), (2,3)(4,5,6,11,10,8,7,9)]","T_gens":"[(3,5)(4,6)(7,9)(10,11), (2,4,10,11)(3,5,8,7)]","U_gens":"[(3,11)(4,5)(6,10)(7,8), (2,3,8,11,9,6,7,10)(4,5)]","semantics":"exact"}
*** KILL CANDIDATE: |Sigma|=2560 > beta_0=2304 ***
{"type":"config","target":"Stabilizer(MathieuGroup(11),1)","p":2,"shape":[16,20,16],"shape_sd":["QD16","C5 : C4","QD16"],"sigma":2560,"k":2,"ncolls":8,"blocked":[true,true,true],"S_gens":"[(2,3)(5,11)(6,7)(8,9), (2,3)(4,5,6,11,10,8,7,9)]","T_gens":"[(3,10)(5,9)(6,8)(7,11), (2,5,8,6)(3,10,4,11)]","U_gens":"[(3,6)(4,11)(5,10)(8,9), (2,3,4,6,7,9,11,8)(5,10)]","semantics":"exact"}
*** KILL CANDIDATE: |Sigma|=2560 > beta_0=2304 ***
{"type":"config","target":"Stabilizer(MathieuGroup(11),1)","p":2,"shape":[16,20,16],"shape_sd":["QD16","C5 : C4","QD16"],"sigma":2560,"k":2,"ncolls":8,"blocked":[true,true,true],"S_gens":"[(2,3)(5,11)(6,7)(8,9), (2,3)(4,5,6,11,10,8,7,9)]","T_gens":"[(3,7)(4,8)(5,11)(9,10), (2,5,10,9)(3,6,4,7)]","U_gens":"[(3,10)(5,9)(6,8)(7,11), (2,10,8,3,4,9,6,5)(7,11)]","semantics":"exact"}
*** KILL CANDIDATE: |Sigma|=2560 > beta_0=2304 ***
{"type":"config","target":"Stabilizer(MathieuGroup(11),1)","p":2,"shape":[16,20,16],"shape_sd":["QD16","C5 : C4","QD16"],"sigma":2560,"k":2,"ncolls":8,"blocked":[true,true,true],"S_gens":"[(2,3)(5,11)(6,7)(8,9), (2,3)(4,5,6,11,10,8,7,9)]","T_gens":"[(3,4)(5,7)(6,9)(8,11), (2,5,11,8)(3,6,9,10)]","U_gens":"[(3,7)(4,8)(5,11)(9,10), (2,7,9,3,6,5,10,11)(4,8)]","semantics":"exact"}
*** KILL CANDIDATE: |Sigma|=2560 > beta_0=2304 ***
{"type":"config","target":"Stabilizer(MathieuGroup(11),1)","p":2,"shape":[16,20,16],"shape_sd":["QD16","C5 : C4","QD16"],"sigma":2560,"k":2,"ncolls":8,"blocked":[true,true,true],"S_gens":"[(2,3)(5,11)(6,7)(8,9), (2,3)(4,5,6,11,10,8,7,9)]","T_gens":"[(3,11)(4,5)(6,10)(7,8), (2,6,7,8)(3,11,9,4)]","U_gens":"[(3,8)(4,9)(6,11)(7,10), (2,3,9,8,5,10,4,7)(6,11)]","semantics":"exact"}
*** KILL CANDIDATE: |Sigma|=2560 > beta_0=2304 ***
{"type":"config","target":"Stabilizer(MathieuGroup(11),1)","p":2,"shape":[16,20,16],"shape_sd":["QD16","C5 : C4","QD16"],"sigma":2560,"k":2,"ncolls":8,"blocked":[true,true,true],"S_gens":"[(2,3)(5,11)(6,7)(8,9), (2,3)(4,5,6,11,10,8,7,9)]","T_gens":"[(2,9)(4,8)(5,7)(6,10), (2,5,7,11)(3,4,6,10)]","U_gens":"[(3,7)(4,8)(5,11)(9,10), (2,11,8,5,6,7,4,3)(9,10)]","semantics":"exact"}
*** KILL CANDIDATE: |Sigma|=2560 > beta_0=2304 ***
{"type":"config","target":"Stabilizer(MathieuGroup(11),1)","p":2,"shape":[16,20,16],"shape_sd":["QD16","C5 : C4","QD16"],"sigma":2560,"k":2,"ncolls":8,"blocked":[true,true,true],"S_gens":"[(2,3)(5,11)(6,7)(8,9), (2,3)(4,5,6,11,10,8,7,9)]","T_gens":"[(2,7)(4,5)(8,9)(10,11), (3,4,8,9)(6,7,11,10)]","U_gens":"[(3,11)(4,5)(6,10)(7,8), (2,6,4,10,9,11,5,3)(7,8)]","semantics":"exact"}
*** KILL CANDIDATE: |Sigma|=2560 > beta_0=2304 ***
{"type":"config","target":"Stabilizer(MathieuGroup(11),1)","p":2,"shape":[16,20,16],"shape_sd":["QD16","C5 : C4","QD16"],"sigma":2560,"k":2,"ncolls":8,"blocked":[true,true,true],"S_gens":"[(2,3)(5,11)(6,7)(8,9), (2,3)(4,5,6,11,10,8,7,9)]","T_gens":"[(2,11)(4,7)(5,10)(6,8), (2,11,9,6)(3,4,10,5)]","U_gens":"[(3,6)(4,11)(5,10)(8,9), (2,8,10,9,7,3,5,6)(4,11)]","semantics":"exact"}
*** KILL CANDIDATE: |Sigma|=2560 > beta_0=2304 ***
{"type":"config","target":"Stabilizer(MathieuGroup(11),1)","p":2,"shape":[16,20,16],"shape_sd":["QD16","C5 : C4","QD16"],"sigma":2560,"k":2,"ncolls":8,"blocked":[true,true,true],"S_gens":"[(2,3)(5,11)(6,7)(8,9), (2,3)(4,5,6,11,10,8,7,9)]","T_gens":"[(2,8)(4,6)(7,11)(9,10), (2,5,9,8)(3,4,11,7)]","U_gens":"[(3,10)(5,9)(6,8)(7,11), (2,9,7,5,4,3,11,10)(6,8)]","semantics":"exact"}
*** KILL CANDIDATE: |Sigma|=2560 > beta_0=2304 ***
{"type":"config","target":"Stabilizer(MathieuGroup(11),1)","p":2,"shape":[16,20,16],"shape_sd":["QD16","C5 : C4","QD16"],"sigma":2560,"k":2,"ncolls":8,"blocked":[true,true,true],"S_gens":"[(2,3)(5,11)(6,7)(8,9), (2,3)(4,5,6,11,10,8,7,9)]","T_gens":"[(2,4)(5,9)(6,11)(7,8), (2,10,7,4)(3,5,6,11)]","U_gens":"[(3,8)(4,9)(6,11)(7,10), (2,10,6,7,5,8,11,3)(4,9)]","semantics":"exact"}
*** KILL CANDIDATE: |Sigma|=2560 > beta_0=2304 ***
{"type":"config","target":"Stabilizer(MathieuGroup(11),1)","p":2,"shape":[16,20,16],"shape_sd":["QD16","C5 : C4","QD16"],"sigma":2560,"k":2,"ncolls":8,"blocked":[true,true,true],"S_gens":"[(2,3)(5,11)(6,7)(8,9), (2,3)(4,5,6,11,10,8,7,9)]","T_gens":"[(2,6)(4,9)(5,11)(8,10), (2,6,7,9)(3,5,8,10)]","U_gens":"[(3,9)(4,7)(5,6)(8,10), (2,4,8,7,11,3,10,9)(5,6)]","semantics":"exact"}
*** KILL CANDIDATE: |Sigma|=2560 > beta_0=2304 ***
{"type":"config","target":"Stabilizer(MathieuGroup(11),1)","p":2,"shape":[16,20,16],"shape_sd":["QD16","C5 : C4","QD16"],"sigma":2560,"k":2,"ncolls":8,"blocked":[true,true,true],"S_gens":"[(2,3)(5,11)(6,7)(8,9), (2,3)(4,5,6,11,10,8,7,9)]","T_gens":"[(2,5)(4,11)(6,9)(7,10), (2,11,4,8)(3,6,10,7)]","U_gens":"[(3,4)(5,7)(6,9)(8,11), (2,8,9,11,10,4,6,3)(5,7)]","semantics":"exact"}
*** KILL CANDIDATE: |Sigma|=2560 > beta_0=2304 ***
{"type":"config","target":"Stabilizer(MathieuGroup(11),1)","p":2,"shape":[16,20,16],"shape_sd":["QD16","C5 : C4","QD16"],"sigma":2560,"k":2,"ncolls":8,"blocked":[true,true,true],"S_gens":"[(2,3)(5,11)(6,7)(8,9), (2,3)(4,5,6,11,10,8,7,9)]","T_gens":"[(2,10)(5,6)(7,9)(8,11), (3,7,11,8)(4,10,5,6)]","U_gens":"[(3,5)(4,6)(7,9)(10,11), (2,4,7,6,8,5,9,3)(10,11)]","semantics":"exact"}
*** KILL CANDIDATE: |Sigma|=2560 > beta_0=2304 ***
SHAPE (16,20,16) p=2 k=2 |Sigma|=2560: frames=240 eligible=16 blocked=16 max_sigma=3072 elapsed=0.9s [271/349 shapes]
SHAPE (20,20,12) p=2 k=2 |Sigma|=2400: frames=240 eligible=0 blocked=0 max_sigma=3072 elapsed=0.7s [278/349 shapes]
SHAPE (8,8,72) p=2 k=3 |Sigma|=2304: frames=280 eligible=16 blocked=0 max_sigma=3072 elapsed=1.4s [280/349 shapes]
{"type":"config","target":"Stabilizer(MathieuGroup(11),1)","p":2,"shape":[8,8,72],"shape_sd":["C8","Q8","(C3 x C3) : Q8"],"sigma":2304,"k":3,"ncolls":5,"blocked":[true,true,true],"S_gens":"[(2,3)(4,5,6,11,10,8,7,9)]","T_gens":"[(2,5,7,10)(3,9,8,6), (2,3,7,8)(5,6,10,9)]","U_gens":"[(2,4,6,10)(3,8,7,9), (2,4,8,6)(7,10,11,9)]","semantics":"exact"}
{"type":"config","target":"Stabilizer(MathieuGroup(11),1)","p":2,"shape":[8,8,72],"shape_sd":["C8","Q8","(C3 x C3) : Q8"],"sigma":2304,"k":3,"ncolls":5,"blocked":[true,true,true],"S_gens":"[(2,3)(4,5,6,11,10,8,7,9)]","T_gens":"[(2,5,7,10)(3,9,8,6), (2,3,7,8)(5,6,10,9)]","U_gens":"[(2,8,10,3)(4,5,11,7), (2,5,8,3)(7,11,10,9)]","semantics":"exact"}
{"type":"config","target":"Stabilizer(MathieuGroup(11),1)","p":2,"shape":[8,8,72],"shape_sd":["C8","Q8","(C3 x C3) : Q8"],"sigma":2304,"k":3,"ncolls":5,"blocked":[true,true,true],"S_gens":"[(2,3)(4,5,6,11,10,8,7,9)]","T_gens":"[(2,10,6,9)(3,7,11,5), (2,5,6,7)(3,10,11,9)]","U_gens":"[(2,4,8,3)(5,10,6,11), (2,4,6,8)(3,7,5,11)]","semantics":"exact"}
{"type":"config","target":"Stabilizer(MathieuGroup(11),1)","p":2,"shape":[8,8,72],"shape_sd":["C8","Q8","(C3 x C3) : Q8"],"sigma":2304,"k":3,"ncolls":5,"blocked":[true,true,true],"S_gens":"[(2,3)(4,5,6,11,10,8,7,9)]","T_gens":"[(2,10,6,9)(3,7,11,5), (2,5,6,7)(3,10,11,9)]","U_gens":"[(2,4,10,8)(3,9,11,6), (2,4,3,10)(5,11,9,8)]","semantics":"exact"}
{"type":"config","target":"Stabilizer(MathieuGroup(11),1)","p":2,"shape":[8,8,72],"shape_sd":["C8","Q8","(C3 x C3) : Q8"],"sigma":2304,"k":3,"ncolls":5,"blocked":[true,true,true],"S_gens":"[(2,3)(4,5,6,11,10,8,7,9)]","T_gens":"[(2,7,9,8)(3,10,6,11), (2,6,9,3)(7,10,8,11)]","U_gens":"[(2,4,3,6)(5,7,8,10), (2,4,10,3)(5,6,9,7)]","semantics":"exact"}
{"type":"config","target":"Stabilizer(MathieuGroup(11),1)","p":2,"shape":[8,8,72],"shape_sd":["C8","Q8","(C3 x C3) : Q8"],"sigma":2304,"k":3,"ncolls":5,"blocked":[true,true,true],"S_gens":"[(2,3)(4,5,6,11,10,8,7,9)]","T_gens":"[(2,7,9,8)(3,10,6,11), (2,6,9,3)(7,10,8,11)]","U_gens":"[(2,4,10,8)(3,9,11,6), (2,4,3,10)(5,11,9,8)]","semantics":"exact"}
{"type":"config","target":"Stabilizer(MathieuGroup(11),1)","p":2,"shape":[8,8,72],"shape_sd":["C8","Q8","(C3 x C3) : Q8"],"sigma":2304,"k":3,"ncolls":5,"blocked":[true,true,true],"S_gens":"[(2,3)(4,5,6,11,10,8,7,9)]","T_gens":"[(2,11,5,6)(3,8,7,10), (2,8,5,10)(3,6,7,11)]","U_gens":"[(2,11,5,4)(6,10,9,7), (2,4,10,3)(5,6,9,7)]","semantics":"exact"}
{"type":"config","target":"Stabilizer(MathieuGroup(11),1)","p":2,"shape":[8,8,72],"shape_sd":["C8","Q8","(C3 x C3) : Q8"],"sigma":2304,"k":3,"ncolls":5,"blocked":[true,true,true],"S_gens":"[(2,3)(4,5,6,11,10,8,7,9)]","T_gens":"[(2,11,5,6)(3,8,7,10), (2,8,5,10)(3,6,7,11)]","U_gens":"[(2,8,10,3)(4,5,11,7), (2,5,8,3)(7,11,10,9)]","semantics":"exact"}
{"type":"config","target":"Stabilizer(MathieuGroup(11),1)","p":2,"shape":[8,8,72],"shape_sd":["C8","Q8","(C3 x C3) : Q8"],"sigma":2304,"k":3,"ncolls":5,"blocked":[true,true,true],"S_gens":"[(2,3)(4,5,6,11,10,8,7,9)]","T_gens":"[(2,10,11,8)(3,7,4,9), (2,3,11,4)(7,10,9,8)]","U_gens":"[(2,4,8,3)(5,10,6,11), (2,4,6,8)(3,7,5,11)]","semantics":"exact"}
{"type":"config","target":"Stabilizer(MathieuGroup(11),1)","p":2,"shape":[8,8,72],"shape_sd":["C8","Q8","(C3 x C3) : Q8"],"sigma":2304,"k":3,"ncolls":5,"blocked":[true,true,true],"S_gens":"[(2,3)(4,5,6,11,10,8,7,9)]","T_gens":"[(2,10,11,8)(3,7,4,9), (2,3,11,4)(7,10,9,8)]","U_gens":"[(2,11,6,7)(3,4,5,8), (3,11,4,8)(5,9,7,6)]","semantics":"exact"}
{"type":"config","target":"Stabilizer(MathieuGroup(11),1)","p":2,"shape":[8,8,72],"shape_sd":["C8","Q8","(C3 x C3) : Q8"],"sigma":2304,"k":3,"ncolls":5,"blocked":[true,true,true],"S_gens":"[(2,3)(4,5,6,11,10,8,7,9)]","T_gens":"[(2,6,10,9)(3,4,11,8), (2,4,10,8)(3,9,11,6)]","U_gens":"[(2,4,8,3)(5,10,6,11), (2,4,6,8)(3,7,5,11)]","semantics":"exact"}
{"type":"config","target":"Stabilizer(MathieuGroup(11),1)","p":2,"shape":[8,8,72],"shape_sd":["C8","Q8","(C3 x C3) : Q8"],"sigma":2304,"k":3,"ncolls":5,"blocked":[true,true,true],"S_gens":"[(2,3)(4,5,6,11,10,8,7,9)]","T_gens":"[(2,6,10,9)(3,4,11,8), (2,4,10,8)(3,9,11,6)]","U_gens":"[(2,3,6,11)(5,9,7,10), (2,5,8,3)(7,11,10,9)]","semantics":"exact"}
{"type":"config","target":"Stabilizer(MathieuGroup(11),1)","p":2,"shape":[8,8,72],"shape_sd":["C8","Q8","(C3 x C3) : Q8"],"sigma":2304,"k":3,"ncolls":5,"blocked":[true,true,true],"S_gens":"[(2,3)(4,5,6,11,10,8,7,9)]","T_gens":"[(2,11,7,4)(3,8,9,6), (2,9,7,3)(4,6,11,8)]","U_gens":"[(2,4,3,6)(5,7,8,10), (2,4,10,3)(5,6,9,7)]","semantics":"exact"}
{"type":"config","target":"Stabilizer(MathieuGroup(11),1)","p":2,"shape":[8,8,72],"shape_sd":["C8","Q8","(C3 x C3) : Q8"],"sigma":2304,"k":3,"ncolls":5,"blocked":[true,true,true],"S_gens":"[(2,3)(4,5,6,11,10,8,7,9)]","T_gens":"[(2,11,7,4)(3,8,9,6), (2,9,7,3)(4,6,11,8)]","U_gens":"[(2,8,10,3)(4,5,11,7), (2,5,8,3)(7,11,10,9)]","semantics":"exact"}
{"type":"config","target":"Stabilizer(MathieuGroup(11),1)","p":2,"shape":[8,8,72],"shape_sd":["C8","Q8","(C3 x C3) : Q8"],"sigma":2304,"k":3,"ncolls":5,"blocked":[true,true,true],"S_gens":"[(2,3)(4,5,6,11,10,8,7,9)]","T_gens":"[(2,11,4,7)(3,5,9,10), (2,3,4,9)(5,11,10,7)]","U_gens":"[(2,4,3,6)(5,7,8,10), (2,4,10,3)(5,6,9,7)]","semantics":"exact"}
{"type":"config","target":"Stabilizer(MathieuGroup(11),1)","p":2,"shape":[8,8,72],"shape_sd":["C8","Q8","(C3 x C3) : Q8"],"sigma":2304,"k":3,"ncolls":5,"blocked":[true,true,true],"S_gens":"[(2,3)(4,5,6,11,10,8,7,9)]","T_gens":"[(2,11,4,7)(3,5,9,10), (2,3,4,9)(5,11,10,7)]","U_gens":"[(2,11,6,7)(3,4,5,8), (3,11,4,8)(5,9,7,6)]","semantics":"exact"}
{"type":"config","target":"Stabilizer(MathieuGroup(11),1)","p":2,"shape":[8,8,72],"shape_sd":["C8","Q8","(C3 x C3) : Q8"],"sigma":2304,"k":3,"ncolls":5,"blocked":[true,true,true],"S_gens":"[(2,3)(4,5,6,11,10,8,7,9)]","T_gens":"[(2,4,5,9)(3,7,10,8), (2,10,5,3)(4,7,9,8)]","U_gens":"[(2,11,5,4)(6,10,9,7), (2,4,10,3)(5,6,9,7)]","semantics":"exact"}
{"type":"config","target":"Stabilizer(MathieuGroup(11),1)","p":2,"shape":[8,8,72],"shape_sd":["C8","Q8","(C3 x C3) : Q8"],"sigma":2304,"k":3,"ncolls":5,"blocked":[true,true,true],"S_gens":"[(2,3)(4,5,6,11,10,8,7,9)]","T_gens":"[(2,4,5,9)(3,7,10,8), (2,10,5,3)(4,7,9,8)]","U_gens":"[(2,3,6,11)(5,9,7,10), (2,5,8,3)(7,11,10,9)]","semantics":"exact"}
{"type":"config","target":"Stabilizer(MathieuGroup(11),1)","p":2,"shape":[8,8,72],"shape_sd":["C8","Q8","(C3 x C3) : Q8"],"sigma":2304,"k":3,"ncolls":5,"blocked":[true,true,true],"S_gens":"[(2,3)(4,5,6,11,10,8,7,9)]","T_gens":"[(2,7,10,5)(3,4,8,11), (2,11,10,4)(3,7,8,5)]","U_gens":"[(2,3,6,11)(5,9,7,10), (2,5,8,3)(7,11,10,9)]","semantics":"exact"}
{"type":"config","target":"Stabilizer(MathieuGroup(11),1)","p":2,"shape":[8,8,72],"shape_sd":["C8","Q8","(C3 x C3) : Q8"],"sigma":2304,"k":3,"ncolls":5,"blocked":[true,true,true],"S_gens":"[(2,3)(4,5,6,11,10,8,7,9)]","T_gens":"[(2,7,10,5)(3,4,8,11), (2,11,10,4)(3,7,8,5)]","U_gens":"[(2,4,6,10)(3,8,7,9), (2,4,8,6)(7,10,11,9)]","semantics":"exact"}
{"type":"config","target":"Stabilizer(MathieuGroup(11),1)","p":2,"shape":[8,8,72],"shape_sd":["C8","Q8","(C3 x C3) : Q8"],"sigma":2304,"k":3,"ncolls":5,"blocked":[true,true,true],"S_gens":"[(2,3)(4,5,6,11,10,8,7,9)]","T_gens":"[(2,10,8,11)(3,6,4,5), (2,4,8,3)(5,10,6,11)]","U_gens":"[(2,4,6,10)(3,8,7,9), (2,4,8,6)(7,10,11,9)]","semantics":"exact"}
{"type":"config","target":"Stabilizer(MathieuGroup(11),1)","p":2,"shape":[8,8,72],"shape_sd":["C8","Q8","(C3 x C3) : Q8"],"sigma":2304,"k":3,"ncolls":5,"blocked":[true,true,true],"S_gens":"[(2,3)(4,5,6,11,10,8,7,9)]","T_gens":"[(2,10,8,11)(3,6,4,5), (2,4,8,3)(5,10,6,11)]","U_gens":"[(2,11,6,7)(3,4,5,8), (3,11,4,8)(5,9,7,6)]","semantics":"exact"}
{"type":"config","target":"Stabilizer(MathieuGroup(11),1)","p":2,"shape":[8,8,72],"shape_sd":["C8","Q8","(C3 x C3) : Q8"],"sigma":2304,"k":3,"ncolls":5,"blocked":[true,true,true],"S_gens":"[(2,3)(4,5,6,11,10,8,7,9)]","T_gens":"[(2,6,4,8)(3,10,5,9), (2,9,4,10)(3,6,5,8)]","U_gens":"[(2,11,5,4)(6,10,9,7), (2,4,10,3)(5,6,9,7)]","semantics":"exact"}
{"type":"config","target":"Stabilizer(MathieuGroup(11),1)","p":2,"shape":[8,8,72],"shape_sd":["C8","Q8","(C3 x C3) : Q8"],"sigma":2304,"k":3,"ncolls":5,"blocked":[true,true,true],"S_gens":"[(2,3)(4,5,6,11,10,8,7,9)]","T_gens":"[(2,6,4,8)(3,10,5,9), (2,9,4,10)(3,6,5,8)]","U_gens":"[(2,11,6,7)(3,4,5,8), (3,11,4,8)(5,9,7,6)]","semantics":"exact"}
{"type":"config","target":"Stabilizer(MathieuGroup(11),1)","p":2,"shape":[8,8,72],"shape_sd":["C8","Q8","(C3 x C3) : Q8"],"sigma":2304,"k":3,"ncolls":5,"blocked":[true,true,true],"S_gens":"[(2,3)(4,5,6,11,10,8,7,9)]","T_gens":"[(2,5,9,4)(3,11,10,6), (2,11,9,6)(3,4,10,5)]","U_gens":"[(2,4,3,6)(5,7,8,10), (2,4,10,3)(5,6,9,7)]","semantics":"exact"}
{"type":"config","target":"Stabilizer(MathieuGroup(11),1)","p":2,"shape":[8,8,72],"shape_sd":["C8","Q8","(C3 x C3) : Q8"],"sigma":2304,"k":3,"ncolls":5,"blocked":[true,true,true],"S_gens":"[(2,3)(4,5,6,11,10,8,7,9)]","T_gens":"[(2,5,9,4)(3,11,10,6), (2,11,9,6)(3,4,10,5)]","U_gens":"[(2,3,6,11)(5,9,7,10), (2,5,8,3)(7,11,10,9)]","semantics":"exact"}
{"type":"config","target":"Stabilizer(MathieuGroup(11),1)","p":2,"shape":[8,8,72],"shape_sd":["C8","Q8","(C3 x C3) : Q8"],"sigma":2304,"k":3,"ncolls":5,"blocked":[true,true,true],"S_gens":"[(2,3)(4,5,6,11,10,8,7,9)]","T_gens":"[(2,5,11,6)(3,9,7,4), (2,4,11,9)(3,5,7,6)]","U_gens":"[(2,4,8,3)(5,10,6,11), (2,4,6,8)(3,7,5,11)]","semantics":"exact"}
{"type":"config","target":"Stabilizer(MathieuGroup(11),1)","p":2,"shape":[8,8,72],"shape_sd":["C8","Q8","(C3 x C3) : Q8"],"sigma":2304,"k":3,"ncolls":5,"blocked":[true,true,true],"S_gens":"[(2,3)(4,5,6,11,10,8,7,9)]","T_gens":"[(2,5,11,6)(3,9,7,4), (2,4,11,9)(3,5,7,6)]","U_gens":"[(2,8,10,3)(4,5,11,7), (2,5,8,3)(7,11,10,9)]","semantics":"exact"}
{"type":"config","target":"Stabilizer(MathieuGroup(11),1)","p":2,"shape":[8,8,72],"shape_sd":["C8","Q8","(C3 x C3) : Q8"],"sigma":2304,"k":3,"ncolls":5,"blocked":[true,true,true],"S_gens":"[(2,3)(4,5,6,11,10,8,7,9)]","T_gens":"[(2,4,6,8)(3,7,5,11), (2,7,6,11)(3,8,5,4)]","U_gens":"[(2,11,5,4)(6,10,9,7), (2,4,10,3)(5,6,9,7)]","semantics":"exact"}
{"type":"config","target":"Stabilizer(MathieuGroup(11),1)","p":2,"shape":[8,8,72],"shape_sd":["C8","Q8","(C3 x C3) : Q8"],"sigma":2304,"k":3,"ncolls":5,"blocked":[true,true,true],"S_gens":"[(2,3)(4,5,6,11,10,8,7,9)]","T_gens":"[(2,4,6,8)(3,7,5,11), (2,7,6,11)(3,8,5,4)]","U_gens":"[(2,4,10,8)(3,9,11,6), (2,4,3,10)(5,11,9,8)]","semantics":"exact"}
{"type":"config","target":"Stabilizer(MathieuGroup(11),1)","p":2,"shape":[8,8,72],"shape_sd":["C8","Q8","(C3 x C3) : Q8"],"sigma":2304,"k":3,"ncolls":5,"blocked":[true,true,true],"S_gens":"[(2,3)(4,5,6,11,10,8,7,9)]","T_gens":"[(2,9,8,7)(3,5,6,4), (2,5,8,4)(3,7,6,9)]","U_gens":"[(2,4,6,10)(3,8,7,9), (2,4,8,6)(7,10,11,9)]","semantics":"exact"}
{"type":"config","target":"Stabilizer(MathieuGroup(11),1)","p":2,"shape":[8,8,72],"shape_sd":["C8","Q8","(C3 x C3) : Q8"],"sigma":2304,"k":3,"ncolls":5,"blocked":[true,true,true],"S_gens":"[(2,3)(4,5,6,11,10,8,7,9)]","T_gens":"[(2,9,8,7)(3,5,6,4), (2,5,8,4)(3,7,6,9)]","U_gens":"[(2,4,10,8)(3,9,11,6), (2,4,3,10)(5,11,9,8)]","semantics":"exact"}
SHAPE (8,8,72) p=2 k=3 |Sigma|=2304: frames=280 eligible=48 blocked=32 max_sigma=3072 elapsed=1.5s [281/349 shapes]
{"type":"config","target":"Stabilizer(MathieuGroup(11),1)","p":2,"shape":[8,8,72],"shape_sd":["Q8","Q8","(C3 x C3) : Q8"],"sigma":2304,"k":3,"ncolls":5,"blocked":[true,true,true],"S_gens":"[(2,7,5,10)(4,6,11,9), (2,4,5,11)(6,7,9,10)]","T_gens":"[(2,7,9,8)(3,10,6,11), (2,6,9,3)(7,10,8,11)]","U_gens":"[(2,4,8,3)(5,10,6,11), (2,4,6,8)(3,7,5,11)]","semantics":"exact"}
{"type":"config","target":"Stabilizer(MathieuGroup(11),1)","p":2,"shape":[8,8,72],"shape_sd":["Q8","Q8","(C3 x C3) : Q8"],"sigma":2304,"k":3,"ncolls":5,"blocked":[true,true,true],"S_gens":"[(2,7,5,10)(4,6,11,9), (2,4,5,11)(6,7,9,10)]","T_gens":"[(2,7,9,8)(3,10,6,11), (2,6,9,3)(7,10,8,11)]","U_gens":"[(2,4,8,3)(5,10,6,11), (2,4,6,8)(3,7,5,11)]","semantics":"exact"}
{"type":"config","target":"Stabilizer(MathieuGroup(11),1)","p":2,"shape":[8,8,72],"shape_sd":["Q8","Q8","(C3 x C3) : Q8"],"sigma":2304,"k":3,"ncolls":5,"blocked":[true,true,true],"S_gens":"[(2,7,5,10)(4,6,11,9), (2,4,5,11)(6,7,9,10)]","T_gens":"[(2,7,9,8)(3,10,6,11), (2,6,9,3)(7,10,8,11)]","U_gens":"[(2,11,6,7)(3,4,5,8), (3,11,4,8)(5,9,7,6)]","semantics":"exact"}
{"type":"config","target":"Stabilizer(MathieuGroup(11),1)","p":2,"shape":[8,8,72],"shape_sd":["Q8","Q8","(C3 x C3) : Q8"],"sigma":2304,"k":3,"ncolls":5,"blocked":[true,true,true],"S_gens":"[(2,7,5,10)(4,6,11,9), (2,4,5,11)(6,7,9,10)]","T_gens":"[(2,7,9,8)(3,10,6,11), (2,6,9,3)(7,10,8,11)]","U_gens":"[(2,11,6,7)(3,4,5,8), (3,11,4,8)(5,9,7,6)]","semantics":"exact"}
{"type":"config","target":"Stabilizer(MathieuGroup(11),1)","p":2,"shape":[8,8,72],"shape_sd":["Q8","Q8","(C3 x C3) : Q8"],"sigma":2304,"k":3,"ncolls":5,"blocked":[true,true,true],"S_gens":"[(2,7,5,10)(4,6,11,9), (2,4,5,11)(6,7,9,10)]","T_gens":"[(2,9,11,3)(5,6,8,10), (2,10,11,6)(3,5,9,8)]","U_gens":"[(3,8,10,6)(5,11,9,7), (3,11,4,8)(5,9,7,6)]","semantics":"exact"}
{"type":"config","target":"Stabilizer(MathieuGroup(11),1)","p":2,"shape":[8,8,72],"shape_sd":["Q8","Q8","(C3 x C3) : Q8"],"sigma":2304,"k":3,"ncolls":5,"blocked":[true,true,true],"S_gens":"[(2,7,5,10)(4,6,11,9), (2,4,5,11)(6,7,9,10)]","T_gens":"[(2,9,11,3)(5,6,8,10), (2,10,11,6)(3,5,9,8)]","U_gens":"[(3,8,10,6)(5,11,9,7), (3,11,4,8)(5,9,7,6)]","semantics":"exact"}
{"type":"config","target":"Stabilizer(MathieuGroup(11),1)","p":2,"shape":[8,8,72],"shape_sd":["Q8","Q8","(C3 x C3) : Q8"],"sigma":2304,"k":3,"ncolls":5,"blocked":[true,true,true],"S_gens":"[(2,7,5,10)(4,6,11,9), (2,4,5,11)(6,7,9,10)]","T_gens":"[(2,9,11,3)(5,6,8,10), (2,10,11,6)(3,5,9,8)]","U_gens":"[(2,8,10,3)(4,5,11,7), (2,5,8,3)(7,11,10,9)]","semantics":"exact"}
{"type":"config","target":"Stabilizer(MathieuGroup(11),1)","p":2,"shape":[8,8,72],"shape_sd":["Q8","Q8","(C3 x C3) : Q8"],"sigma":2304,"k":3,"ncolls":5,"blocked":[true,true,true],"S_gens":"[(2,7,5,10)(4,6,11,9), (2,4,5,11)(6,7,9,10)]","T_gens":"[(2,9,11,3)(5,6,8,10), (2,10,11,6)(3,5,9,8)]","U_gens":"[(2,8,10,3)(4,5,11,7), (2,5,8,3)(7,11,10,9)]","semantics":"exact"}
{"type":"config","target":"Stabilizer(MathieuGroup(11),1)","p":2,"shape":[8,8,72],"shape_sd":["Q8","Q8","(C3 x C3) : Q8"],"sigma":2304,"k":3,"ncolls":5,"blocked":[true,true,true],"S_gens":"[(2,7,5,10)(4,6,11,9), (2,4,5,11)(6,7,9,10)]","T_gens":"[(2,6,3,7)(5,9,11,8), (2,11,3,5)(6,9,7,8)]","U_gens":"[(2,4,6,10)(3,8,7,9), (2,4,8,6)(7,10,11,9)]","semantics":"exact"}
{"type":"config","target":"Stabilizer(MathieuGroup(11),1)","p":2,"shape":[8,8,72],"shape_sd":["Q8","Q8","(C3 x C3) : Q8"],"sigma":2304,"k":3,"ncolls":5,"blocked":[true,true,true],"S_gens":"[(2,7,5,10)(4,6,11,9), (2,4,5,11)(6,7,9,10)]","T_gens":"[(2,6,3,7)(5,9,11,8), (2,11,3,5)(6,9,7,8)]","U_gens":"[(2,4,6,10)(3,8,7,9), (2,4,8,6)(7,10,11,9)]","semantics":"exact"}
{"type":"config","target":"Stabilizer(MathieuGroup(11),1)","p":2,"shape":[8,8,72],"shape_sd":["Q8","Q8","(C3 x C3) : Q8"],"sigma":2304,"k":3,"ncolls":5,"blocked":[true,true,true],"S_gens":"[(2,7,5,10)(4,6,11,9), (2,4,5,11)(6,7,9,10)]","T_gens":"[(2,6,3,7)(5,9,11,8), (2,11,3,5)(6,9,7,8)]","U_gens":"[(2,8,10,3)(4,5,11,7), (2,5,8,3)(7,11,10,9)]","semantics":"exact"}
{"type":"config","target":"Stabilizer(MathieuGroup(11),1)","p":2,"shape":[8,8,72],"shape_sd":["Q8","Q8","(C3 x C3) : Q8"],"sigma":2304,"k":3,"ncolls":5,"blocked":[true,true,true],"S_gens":"[(2,7,5,10)(4,6,11,9), (2,4,5,11)(6,7,9,10)]","T_gens":"[(2,6,3,7)(5,9,11,8), (2,11,3,5)(6,9,7,8)]","U_gens":"[(2,8,10,3)(4,5,11,7), (2,5,8,3)(7,11,10,9)]","semantics":"exact"}
{"type":"config","target":"Stabilizer(MathieuGroup(11),1)","p":2,"shape":[8,8,72],"shape_sd":["Q8","Q8","(C3 x C3) : Q8"],"sigma":2304,"k":3,"ncolls":5,"blocked":[true,true,true],"S_gens":"[(2,7,5,10)(4,6,11,9), (2,4,5,11)(6,7,9,10)]","T_gens":"[(2,10,11,8)(3,7,4,9), (2,3,11,4)(7,10,9,8)]","U_gens":"[(2,4,3,6)(5,7,8,10), (2,4,10,3)(5,6,9,7)]","semantics":"exact"}
{"type":"config","target":"Stabilizer(MathieuGroup(11),1)","p":2,"shape":[8,8,72],"shape_sd":["Q8","Q8","(C3 x C3) : Q8"],"sigma":2304,"k":3,"ncolls":5,"blocked":[true,true,true],"S_gens":"[(2,7,5,10)(4,6,11,9), (2,4,5,11)(6,7,9,10)]","T_gens":"[(2,10,11,8)(3,7,4,9), (2,3,11,4)(7,10,9,8)]","U_gens":"[(2,4,3,6)(5,7,8,10), (2,4,10,3)(5,6,9,7)]","semantics":"exact"}
{"type":"config","target":"Stabilizer(MathieuGroup(11),1)","p":2,"shape":[8,8,72],"shape_sd":["Q8","Q8","(C3 x C3) : Q8"],"sigma":2304,"k":3,"ncolls":5,"blocked":[true,true,true],"S_gens":"[(2,7,5,10)(4,6,11,9), (2,4,5,11)(6,7,9,10)]","T_gens":"[(2,10,11,8)(3,7,4,9), (2,3,11,4)(7,10,9,8)]","U_gens":"[(2,4,10,8)(3,9,11,6), (2,4,3,10)(5,11,9,8)]","semantics":"exact"}
{"type":"config","target":"Stabilizer(MathieuGroup(11),1)","p":2,"shape":[8,8,72],"shape_sd":["Q8","Q8","(C3 x C3) : Q8"],"sigma":2304,"k":3,"ncolls":5,"blocked":[true,true,true],"S_gens":"[(2,7,5,10)(4,6,11,9), (2,4,5,11)(6,7,9,10)]","T_gens":"[(2,10,11,8)(3,7,4,9), (2,3,11,4)(7,10,9,8)]","U_gens":"[(2,4,10,8)(3,9,11,6), (2,4,3,10)(5,11,9,8)]","semantics":"exact"}
{"type":"config","target":"Stabilizer(MathieuGroup(11),1)","p":2,"shape":[8,8,72],"shape_sd":["Q8","Q8","(C3 x C3) : Q8"],"sigma":2304,"k":3,"ncolls":5,"blocked":[true,true,true],"S_gens":"[(2,7,5,10)(4,6,11,9), (2,4,5,11)(6,7,9,10)]","T_gens":"[(2,3,4,10)(6,11,7,8), (2,7,4,6)(3,11,10,8)]","U_gens":"[(2,3,6,11)(5,9,7,10), (2,5,8,3)(7,11,10,9)]","semantics":"exact"}
{"type":"config","target":"Stabilizer(MathieuGroup(11),1)","p":2,"shape":[8,8,72],"shape_sd":["Q8","Q8","(C3 x C3) : Q8"],"sigma":2304,"k":3,"ncolls":5,"blocked":[true,true,true],"S_gens":"[(2,7,5,10)(4,6,11,9), (2,4,5,11)(6,7,9,10)]","T_gens":"[(2,3,4,10)(6,11,7,8), (2,7,4,6)(3,11,10,8)]","U_gens":"[(2,3,6,11)(5,9,7,10), (2,5,8,3)(7,11,10,9)]","semantics":"exact"}
{"type":"config","target":"Stabilizer(MathieuGroup(11),1)","p":2,"shape":[8,8,72],"shape_sd":["Q8","Q8","(C3 x C3) : Q8"],"sigma":2304,"k":3,"ncolls":5,"blocked":[true,true,true],"S_gens":"[(2,7,5,10)(4,6,11,9), (2,4,5,11)(6,7,9,10)]","T_gens":"[(2,3,4,10)(6,11,7,8), (2,7,4,6)(3,11,10,8)]","U_gens":"[(2,4,10,8)(3,9,11,6), (2,4,3,10)(5,11,9,8)]","semantics":"exact"}
{"type":"config","target":"Stabilizer(MathieuGroup(11),1)","p":2,"shape":[8,8,72],"shape_sd":["Q8","Q8","(C3 x C3) : Q8"],"sigma":2304,"k":3,"ncolls":5,"blocked":[true,true,true],"S_gens":"[(2,7,5,10)(4,6,11,9), (2,4,5,11)(6,7,9,10)]","T_gens":"[(2,3,4,10)(6,11,7,8), (2,7,4,6)(3,11,10,8)]","U_gens":"[(2,4,10,8)(3,9,11,6), (2,4,3,10)(5,11,9,8)]","semantics":"exact"}
{"type":"config","target":"Stabilizer(MathieuGroup(11),1)","p":2,"shape":[8,8,72],"shape_sd":["Q8","Q8","(C3 x C3) : Q8"],"sigma":2304,"k":3,"ncolls":5,"blocked":[true,true,true],"S_gens":"[(2,7,5,10)(4,6,11,9), (2,4,5,11)(6,7,9,10)]","T_gens":"[(2,7,6,3)(4,8,10,9), (2,8,6,9)(3,10,7,4)]","U_gens":"[(2,8,10,3)(4,5,11,7), (2,5,8,3)(7,11,10,9)]","semantics":"exact"}
{"type":"config","target":"Stabilizer(MathieuGroup(11),1)","p":2,"shape":[8,8,72],"shape_sd":["Q8","Q8","(C3 x C3) : Q8"],"sigma":2304,"k":3,"ncolls":5,"blocked":[true,true,true],"S_gens":"[(2,7,5,10)(4,6,11,9), (2,4,5,11)(6,7,9,10)]","T_gens":"[(2,7,6,3)(4,8,10,9), (2,8,6,9)(3,10,7,4)]","U_gens":"[(2,8,10,3)(4,5,11,7), (2,5,8,3)(7,11,10,9)]","semantics":"exact"}
{"type":"config","target":"Stabilizer(MathieuGroup(11),1)","p":2,"shape":[8,8,72],"shape_sd":["Q8","Q8","(C3 x C3) : Q8"],"sigma":2304,"k":3,"ncolls":5,"blocked":[true,true,true],"S_gens":"[(2,7,5,10)(4,6,11,9), (2,4,5,11)(6,7,9,10)]","T_gens":"[(2,7,6,3)(4,8,10,9), (2,8,6,9)(3,10,7,4)]","U_gens":"[(2,11,6,7)(3,4,5,8), (3,11,4,8)(5,9,7,6)]","semantics":"exact"}
{"type":"config","target":"Stabilizer(MathieuGroup(11),1)","p":2,"shape":[8,8,72],"shape_sd":["Q8","Q8","(C3 x C3) : Q8"],"sigma":2304,"k":3,"ncolls":5,"blocked":[true,true,true],"S_gens":"[(2,7,5,10)(4,6,11,9), (2,4,5,11)(6,7,9,10)]","T_gens":"[(2,7,6,3)(4,8,10,9), (2,8,6,9)(3,10,7,4)]","U_gens":"[(2,11,6,7)(3,4,5,8), (3,11,4,8)(5,9,7,6)]","semantics":"exact"}
{"type":"config","target":"Stabilizer(MathieuGroup(11),1)","p":2,"shape":[8,8,72],"shape_sd":["Q8","Q8","(C3 x C3) : Q8"],"sigma":2304,"k":3,"ncolls":5,"blocked":[true,true,true],"S_gens":"[(2,7,5,10)(4,6,11,9), (2,4,5,11)(6,7,9,10)]","T_gens":"[(2,3,9,11)(4,5,7,8), (2,5,9,8)(3,4,11,7)]","U_gens":"[(3,8,10,6)(5,11,9,7), (3,11,4,8)(5,9,7,6)]","semantics":"exact"}
{"type":"config","target":"Stabilizer(MathieuGroup(11),1)","p":2,"shape":[8,8,72],"shape_sd":["Q8","Q8","(C3 x C3) : Q8"],"sigma":2304,"k":3,"ncolls":5,"blocked":[true,true,true],"S_gens":"[(2,7,5,10)(4,6,11,9), (2,4,5,11)(6,7,9,10)]","T_gens":"[(2,3,9,11)(4,5,7,8), (2,5,9,8)(3,4,11,7)]","U_gens":"[(3,8,10,6)(5,11,9,7), (3,11,4,8)(5,9,7,6)]","semantics":"exact"}
{"type":"config","target":"Stabilizer(MathieuGroup(11),1)","p":2,"shape":[8,8,72],"shape_sd":["Q8","Q8","(C3 x C3) : Q8"],"sigma":2304,"k":3,"ncolls":5,"blocked":[true,true,true],"S_gens":"[(2,7,5,10)(4,6,11,9), (2,4,5,11)(6,7,9,10)]","T_gens":"[(2,3,9,11)(4,5,7,8), (2,5,9,8)(3,4,11,7)]","U_gens":"[(2,3,6,11)(5,9,7,10), (2,5,8,3)(7,11,10,9)]","semantics":"exact"}
{"type":"config","target":"Stabilizer(MathieuGroup(11),1)","p":2,"shape":[8,8,72],"shape_sd":["Q8","Q8","(C3 x C3) : Q8"],"sigma":2304,"k":3,"ncolls":5,"blocked":[true,true,true],"S_gens":"[(2,7,5,10)(4,6,11,9), (2,4,5,11)(6,7,9,10)]","T_gens":"[(2,3,9,11)(4,5,7,8), (2,5,9,8)(3,4,11,7)]","U_gens":"[(2,3,6,11)(5,9,7,10), (2,5,8,3)(7,11,10,9)]","semantics":"exact"}
{"type":"config","target":"Stabilizer(MathieuGroup(11),1)","p":2,"shape":[8,8,72],"shape_sd":["Q8","Q8","(C3 x C3) : Q8"],"sigma":2304,"k":3,"ncolls":5,"blocked":[true,true,true],"S_gens":"[(2,7,5,10)(4,6,11,9), (2,4,5,11)(6,7,9,10)]","T_gens":"[(2,10,3,4)(5,8,9,11), (2,8,3,11)(4,9,10,5)]","U_gens":"[(2,3,6,11)(5,9,7,10), (2,5,8,3)(7,11,10,9)]","semantics":"exact"}
{"type":"config","target":"Stabilizer(MathieuGroup(11),1)","p":2,"shape":[8,8,72],"shape_sd":["Q8","Q8","(C3 x C3) : Q8"],"sigma":2304,"k":3,"ncolls":5,"blocked":[true,true,true],"S_gens":"[(2,7,5,10)(4,6,11,9), (2,4,5,11)(6,7,9,10)]","T_gens":"[(2,10,3,4)(5,8,9,11), (2,8,3,11)(4,9,10,5)]","U_gens":"[(2,3,6,11)(5,9,7,10), (2,5,8,3)(7,11,10,9)]","semantics":"exact"}
{"type":"config","target":"Stabilizer(MathieuGroup(11),1)","p":2,"shape":[8,8,72],"shape_sd":["Q8","Q8","(C3 x C3) : Q8"],"sigma":2304,"k":3,"ncolls":5,"blocked":[true,true,true],"S_gens":"[(2,7,5,10)(4,6,11,9), (2,4,5,11)(6,7,9,10)]","T_gens":"[(2,10,3,4)(5,8,9,11), (2,8,3,11)(4,9,10,5)]","U_gens":"[(2,4,6,10)(3,8,7,9), (2,4,8,6)(7,10,11,9)]","semantics":"exact"}
{"type":"config","target":"Stabilizer(MathieuGroup(11),1)","p":2,"shape":[8,8,72],"shape_sd":["Q8","Q8","(C3 x C3) : Q8"],"sigma":2304,"k":3,"ncolls":5,"blocked":[true,true,true],"S_gens":"[(2,7,5,10)(4,6,11,9), (2,4,5,11)(6,7,9,10)]","T_gens":"[(2,10,3,4)(5,8,9,11), (2,8,3,11)(4,9,10,5)]","U_gens":"[(2,4,6,10)(3,8,7,9), (2,4,8,6)(7,10,11,9)]","semantics":"exact"}
{"type":"config","target":"Stabilizer(MathieuGroup(11),1)","p":2,"shape":[8,8,72],"shape_sd":["Q8","Q8","(C3 x C3) : Q8"],"sigma":2304,"k":3,"ncolls":5,"blocked":[true,true,true],"S_gens":"[(2,7,5,10)(4,6,11,9), (2,4,5,11)(6,7,9,10)]","T_gens":"[(2,10,8,11)(3,6,4,5), (2,4,8,3)(5,10,6,11)]","U_gens":"[(2,4,3,6)(5,7,8,10), (2,4,10,3)(5,6,9,7)]","semantics":"exact"}
{"type":"config","target":"Stabilizer(MathieuGroup(11),1)","p":2,"shape":[8,8,72],"shape_sd":["Q8","Q8","(C3 x C3) : Q8"],"sigma":2304,"k":3,"ncolls":5,"blocked":[true,true,true],"S_gens":"[(2,7,5,10)(4,6,11,9), (2,4,5,11)(6,7,9,10)]","T_gens":"[(2,10,8,11)(3,6,4,5), (2,4,8,3)(5,10,6,11)]","U_gens":"[(2,4,3,6)(5,7,8,10), (2,4,10,3)(5,6,9,7)]","semantics":"exact"}
{"type":"config","target":"Stabilizer(MathieuGroup(11),1)","p":2,"shape":[8,8,72],"shape_sd":["Q8","Q8","(C3 x C3) : Q8"],"sigma":2304,"k":3,"ncolls":5,"blocked":[true,true,true],"S_gens":"[(2,7,5,10)(4,6,11,9), (2,4,5,11)(6,7,9,10)]","T_gens":"[(2,10,8,11)(3,6,4,5), (2,4,8,3)(5,10,6,11)]","U_gens":"[(2,4,6,10)(3,8,7,9), (2,4,8,6)(7,10,11,9)]","semantics":"exact"}
{"type":"config","target":"Stabilizer(MathieuGroup(11),1)","p":2,"shape":[8,8,72],"shape_sd":["Q8","Q8","(C3 x C3) : Q8"],"sigma":2304,"k":3,"ncolls":5,"blocked":[true,true,true],"S_gens":"[(2,7,5,10)(4,6,11,9), (2,4,5,11)(6,7,9,10)]","T_gens":"[(2,10,8,11)(3,6,4,5), (2,4,8,3)(5,10,6,11)]","U_gens":"[(2,4,6,10)(3,8,7,9), (2,4,8,6)(7,10,11,9)]","semantics":"exact"}
{"type":"config","target":"Stabilizer(MathieuGroup(11),1)","p":2,"shape":[8,8,72],"shape_sd":["Q8","Q8","(C3 x C3) : Q8"],"sigma":2304,"k":3,"ncolls":5,"blocked":[true,true,true],"S_gens":"[(2,7,5,10)(4,6,11,9), (2,4,5,11)(6,7,9,10)]","T_gens":"[(2,6,4,8)(3,10,5,9), (2,9,4,10)(3,6,5,8)]","U_gens":"[(2,4,8,3)(5,10,6,11), (2,4,6,8)(3,7,5,11)]","semantics":"exact"}
{"type":"config","target":"Stabilizer(MathieuGroup(11),1)","p":2,"shape":[8,8,72],"shape_sd":["Q8","Q8","(C3 x C3) : Q8"],"sigma":2304,"k":3,"ncolls":5,"blocked":[true,true,true],"S_gens":"[(2,7,5,10)(4,6,11,9), (2,4,5,11)(6,7,9,10)]","T_gens":"[(2,6,4,8)(3,10,5,9), (2,9,4,10)(3,6,5,8)]","U_gens":"[(2,4,8,3)(5,10,6,11), (2,4,6,8)(3,7,5,11)]","semantics":"exact"}
{"type":"config","target":"Stabilizer(MathieuGroup(11),1)","p":2,"shape":[8,8,72],"shape_sd":["Q8","Q8","(C3 x C3) : Q8"],"sigma":2304,"k":3,"ncolls":5,"blocked":[true,true,true],"S_gens":"[(2,7,5,10)(4,6,11,9), (2,4,5,11)(6,7,9,10)]","T_gens":"[(2,6,4,8)(3,10,5,9), (2,9,4,10)(3,6,5,8)]","U_gens":"[(3,8,10,6)(5,11,9,7), (3,11,4,8)(5,9,7,6)]","semantics":"exact"}
{"type":"config","target":"Stabilizer(MathieuGroup(11),1)","p":2,"shape":[8,8,72],"shape_sd":["Q8","Q8","(C3 x C3) : Q8"],"sigma":2304,"k":3,"ncolls":5,"blocked":[true,true,true],"S_gens":"[(2,7,5,10)(4,6,11,9), (2,4,5,11)(6,7,9,10)]","T_gens":"[(2,6,4,8)(3,10,5,9), (2,9,4,10)(3,6,5,8)]","U_gens":"[(3,8,10,6)(5,11,9,7), (3,11,4,8)(5,9,7,6)]","semantics":"exact"}
{"type":"config","target":"Stabilizer(MathieuGroup(11),1)","p":2,"shape":[8,8,72],"shape_sd":["Q8","Q8","(C3 x C3) : Q8"],"sigma":2304,"k":3,"ncolls":5,"blocked":[true,true,true],"S_gens":"[(2,7,5,10)(4,6,11,9), (2,4,5,11)(6,7,9,10)]","T_gens":"[(2,4,6,8)(3,7,5,11), (2,7,6,11)(3,8,5,4)]","U_gens":"[(3,8,10,6)(5,11,9,7), (3,11,4,8)(5,9,7,6)]","semantics":"exact"}
{"type":"config","target":"Stabilizer(MathieuGroup(11),1)","p":2,"shape":[8,8,72],"shape_sd":["Q8","Q8","(C3 x C3) : Q8"],"sigma":2304,"k":3,"ncolls":5,"blocked":[true,true,true],"S_gens":"[(2,7,5,10)(4,6,11,9), (2,4,5,11)(6,7,9,10)]","T_gens":"[(2,4,6,8)(3,7,5,11), (2,7,6,11)(3,8,5,4)]","U_gens":"[(3,8,10,6)(5,11,9,7), (3,11,4,8)(5,9,7,6)]","semantics":"exact"}
{"type":"config","target":"Stabilizer(MathieuGroup(11),1)","p":2,"shape":[8,8,72],"shape_sd":["Q8","Q8","(C3 x C3) : Q8"],"sigma":2304,"k":3,"ncolls":5,"blocked":[true,true,true],"S_gens":"[(2,7,5,10)(4,6,11,9), (2,4,5,11)(6,7,9,10)]","T_gens":"[(2,4,6,8)(3,7,5,11), (2,7,6,11)(3,8,5,4)]","U_gens":"[(2,4,3,6)(5,7,8,10), (2,4,10,3)(5,6,9,7)]","semantics":"exact"}
{"type":"config","target":"Stabilizer(MathieuGroup(11),1)","p":2,"shape":[8,8,72],"shape_sd":["Q8","Q8","(C3 x C3) : Q8"],"sigma":2304,"k":3,"ncolls":5,"blocked":[true,true,true],"S_gens":"[(2,7,5,10)(4,6,11,9), (2,4,5,11)(6,7,9,10)]","T_gens":"[(2,4,6,8)(3,7,5,11), (2,7,6,11)(3,8,5,4)]","U_gens":"[(2,4,3,6)(5,7,8,10), (2,4,10,3)(5,6,9,7)]","semantics":"exact"}
{"type":"config","target":"Stabilizer(MathieuGroup(11),1)","p":2,"shape":[8,8,72],"shape_sd":["Q8","Q8","(C3 x C3) : Q8"],"sigma":2304,"k":3,"ncolls":5,"blocked":[true,true,true],"S_gens":"[(2,7,5,10)(4,6,11,9), (2,4,5,11)(6,7,9,10)]","T_gens":"[(2,9,8,7)(3,5,6,4), (2,5,8,4)(3,7,6,9)]","U_gens":"[(2,4,8,3)(5,10,6,11), (2,4,6,8)(3,7,5,11)]","semantics":"exact"}
{"type":"config","target":"Stabilizer(MathieuGroup(11),1)","p":2,"shape":[8,8,72],"shape_sd":["Q8","Q8","(C3 x C3) : Q8"],"sigma":2304,"k":3,"ncolls":5,"blocked":[true,true,true],"S_gens":"[(2,7,5,10)(4,6,11,9), (2,4,5,11)(6,7,9,10)]","T_gens":"[(2,9,8,7)(3,5,6,4), (2,5,8,4)(3,7,6,9)]","U_gens":"[(2,4,8,3)(5,10,6,11), (2,4,6,8)(3,7,5,11)]","semantics":"exact"}
{"type":"config","target":"Stabilizer(MathieuGroup(11),1)","p":2,"shape":[8,8,72],"shape_sd":["Q8","Q8","(C3 x C3) : Q8"],"sigma":2304,"k":3,"ncolls":5,"blocked":[true,true,true],"S_gens":"[(2,7,5,10)(4,6,11,9), (2,4,5,11)(6,7,9,10)]","T_gens":"[(2,9,8,7)(3,5,6,4), (2,5,8,4)(3,7,6,9)]","U_gens":"[(2,4,6,10)(3,8,7,9), (2,4,8,6)(7,10,11,9)]","semantics":"exact"}
{"type":"config","target":"Stabilizer(MathieuGroup(11),1)","p":2,"shape":[8,8,72],"shape_sd":["Q8","Q8","(C3 x C3) : Q8"],"sigma":2304,"k":3,"ncolls":5,"blocked":[true,true,true],"S_gens":"[(2,7,5,10)(4,6,11,9), (2,4,5,11)(6,7,9,10)]","T_gens":"[(2,9,8,7)(3,5,6,4), (2,5,8,4)(3,7,6,9)]","U_gens":"[(2,4,6,10)(3,8,7,9), (2,4,8,6)(7,10,11,9)]","semantics":"exact"}
{"type":"config","target":"Stabilizer(MathieuGroup(11),1)","p":2,"shape":[8,8,72],"shape_sd":["Q8","Q8","(C3 x C3) : Q8"],"sigma":2304,"k":3,"ncolls":5,"blocked":[true,true,true],"S_gens":"[(2,7,5,10)(4,6,11,9), (2,4,5,11)(6,7,9,10)]","T_gens":"[(3,6,11,10)(4,7,5,8), (3,4,11,5)(6,8,10,7)]","U_gens":"[(2,3,6,11)(5,9,7,10), (2,5,8,3)(7,11,10,9)]","semantics":"exact"}
{"type":"config","target":"Stabilizer(MathieuGroup(11),1)","p":2,"shape":[8,8,72],"shape_sd":["Q8","Q8","(C3 x C3) : Q8"],"sigma":2304,"k":3,"ncolls":5,"blocked":[true,true,true],"S_gens":"[(2,7,5,10)(4,6,11,9), (2,4,5,11)(6,7,9,10)]","T_gens":"[(3,6,11,10)(4,7,5,8), (3,4,11,5)(6,8,10,7)]","U_gens":"[(2,3,6,11)(5,9,7,10), (2,5,8,3)(7,11,10,9)]","semantics":"exact"}
{"type":"config","target":"Stabilizer(MathieuGroup(11),1)","p":2,"shape":[8,8,72],"shape_sd":["Q8","Q8","(C3 x C3) : Q8"],"sigma":2304,"k":3,"ncolls":5,"blocked":[true,true,true],"S_gens":"[(2,7,5,10)(4,6,11,9), (2,4,5,11)(6,7,9,10)]","T_gens":"[(3,6,11,10)(4,7,5,8), (3,4,11,5)(6,8,10,7)]","U_gens":"[(2,11,6,7)(3,4,5,8), (3,11,4,8)(5,9,7,6)]","semantics":"exact"}
{"type":"config","target":"Stabilizer(MathieuGroup(11),1)","p":2,"shape":[8,8,72],"shape_sd":["Q8","Q8","(C3 x C3) : Q8"],"sigma":2304,"k":3,"ncolls":5,"blocked":[true,true,true],"S_gens":"[(2,7,5,10)(4,6,11,9), (2,4,5,11)(6,7,9,10)]","T_gens":"[(3,6,11,10)(4,7,5,8), (3,4,11,5)(6,8,10,7)]","U_gens":"[(2,11,6,7)(3,4,5,8), (3,11,4,8)(5,9,7,6)]","semantics":"exact"}
{"type":"config","target":"Stabilizer(MathieuGroup(11),1)","p":2,"shape":[8,8,72],"shape_sd":["Q8","Q8","(C3 x C3) : Q8"],"sigma":2304,"k":3,"ncolls":5,"blocked":[true,true,true],"S_gens":"[(2,7,5,10)(4,6,11,9), (2,4,5,11)(6,7,9,10)]","T_gens":"[(3,11,7,5)(4,10,8,9), (3,8,7,4)(5,9,11,10)]","U_gens":"[(2,4,3,6)(5,7,8,10), (2,4,10,3)(5,6,9,7)]","semantics":"exact"}
{"type":"config","target":"Stabilizer(MathieuGroup(11),1)","p":2,"shape":[8,8,72],"shape_sd":["Q8","Q8","(C3 x C3) : Q8"],"sigma":2304,"k":3,"ncolls":5,"blocked":[true,true,true],"S_gens":"[(2,7,5,10)(4,6,11,9), (2,4,5,11)(6,7,9,10)]","T_gens":"[(3,11,7,5)(4,10,8,9), (3,8,7,4)(5,9,11,10)]","U_gens":"[(2,4,3,6)(5,7,8,10), (2,4,10,3)(5,6,9,7)]","semantics":"exact"}
{"type":"config","target":"Stabilizer(MathieuGroup(11),1)","p":2,"shape":[8,8,72],"shape_sd":["Q8","Q8","(C3 x C3) : Q8"],"sigma":2304,"k":3,"ncolls":5,"blocked":[true,true,true],"S_gens":"[(2,7,5,10)(4,6,11,9), (2,4,5,11)(6,7,9,10)]","T_gens":"[(3,11,7,5)(4,10,8,9), (3,8,7,4)(5,9,11,10)]","U_gens":"[(2,11,6,7)(3,4,5,8), (3,11,4,8)(5,9,7,6)]","semantics":"exact"}
{"type":"config","target":"Stabilizer(MathieuGroup(11),1)","p":2,"shape":[8,8,72],"shape_sd":["Q8","Q8","(C3 x C3) : Q8"],"sigma":2304,"k":3,"ncolls":5,"blocked":[true,true,true],"S_gens":"[(2,7,5,10)(4,6,11,9), (2,4,5,11)(6,7,9,10)]","T_gens":"[(3,11,7,5)(4,10,8,9), (3,8,7,4)(5,9,11,10)]","U_gens":"[(2,11,6,7)(3,4,5,8), (3,11,4,8)(5,9,7,6)]","semantics":"exact"}
{"type":"config","target":"Stabilizer(MathieuGroup(11),1)","p":2,"shape":[8,8,72],"shape_sd":["Q8","Q8","(C3 x C3) : Q8"],"sigma":2304,"k":3,"ncolls":5,"blocked":[true,true,true],"S_gens":"[(2,7,5,10)(4,6,11,9), (2,4,5,11)(6,7,9,10)]","T_gens":"[(3,7,9,4)(5,10,6,8), (3,10,9,8)(4,6,7,5)]","U_gens":"[(2,8,10,3)(4,5,11,7), (2,5,8,3)(7,11,10,9)]","semantics":"exact"}
{"type":"config","target":"Stabilizer(MathieuGroup(11),1)","p":2,"shape":[8,8,72],"shape_sd":["Q8","Q8","(C3 x C3) : Q8"],"sigma":2304,"k":3,"ncolls":5,"blocked":[true,true,true],"S_gens":"[(2,7,5,10)(4,6,11,9), (2,4,5,11)(6,7,9,10)]","T_gens":"[(3,7,9,4)(5,10,6,8), (3,10,9,8)(4,6,7,5)]","U_gens":"[(2,8,10,3)(4,5,11,7), (2,5,8,3)(7,11,10,9)]","semantics":"exact"}
{"type":"config","target":"Stabilizer(MathieuGroup(11),1)","p":2,"shape":[8,8,72],"shape_sd":["Q8","Q8","(C3 x C3) : Q8"],"sigma":2304,"k":3,"ncolls":5,"blocked":[true,true,true],"S_gens":"[(2,7,5,10)(4,6,11,9), (2,4,5,11)(6,7,9,10)]","T_gens":"[(3,7,9,4)(5,10,6,8), (3,10,9,8)(4,6,7,5)]","U_gens":"[(2,4,10,8)(3,9,11,6), (2,4,3,10)(5,11,9,8)]","semantics":"exact"}
{"type":"config","target":"Stabilizer(MathieuGroup(11),1)","p":2,"shape":[8,8,72],"shape_sd":["Q8","Q8","(C3 x C3) : Q8"],"sigma":2304,"k":3,"ncolls":5,"blocked":[true,true,true],"S_gens":"[(2,7,5,10)(4,6,11,9), (2,4,5,11)(6,7,9,10)]","T_gens":"[(3,7,9,4)(5,10,6,8), (3,10,9,8)(4,6,7,5)]","U_gens":"[(2,4,10,8)(3,9,11,6), (2,4,3,10)(5,11,9,8)]","semantics":"exact"}
{"type":"config","target":"Stabilizer(MathieuGroup(11),1)","p":2,"shape":[8,8,72],"shape_sd":["Q8","Q8","(C3 x C3) : Q8"],"sigma":2304,"k":3,"ncolls":5,"blocked":[true,true,true],"S_gens":"[(2,7,5,10)(4,6,11,9), (2,4,5,11)(6,7,9,10)]","T_gens":"[(3,5,10,9)(6,11,8,7), (3,11,10,7)(5,6,9,8)]","U_gens":"[(2,4,8,3)(5,10,6,11), (2,4,6,8)(3,7,5,11)]","semantics":"exact"}
{"type":"config","target":"Stabilizer(MathieuGroup(11),1)","p":2,"shape":[8,8,72],"shape_sd":["Q8","Q8","(C3 x C3) : Q8"],"sigma":2304,"k":3,"ncolls":5,"blocked":[true,true,true],"S_gens":"[(2,7,5,10)(4,6,11,9), (2,4,5,11)(6,7,9,10)]","T_gens":"[(3,5,10,9)(6,11,8,7), (3,11,10,7)(5,6,9,8)]","U_gens":"[(2,4,8,3)(5,10,6,11), (2,4,6,8)(3,7,5,11)]","semantics":"exact"}
{"type":"config","target":"Stabilizer(MathieuGroup(11),1)","p":2,"shape":[8,8,72],"shape_sd":["Q8","Q8","(C3 x C3) : Q8"],"sigma":2304,"k":3,"ncolls":5,"blocked":[true,true,true],"S_gens":"[(2,7,5,10)(4,6,11,9), (2,4,5,11)(6,7,9,10)]","T_gens":"[(3,5,10,9)(6,11,8,7), (3,11,10,7)(5,6,9,8)]","U_gens":"[(2,4,10,8)(3,9,11,6), (2,4,3,10)(5,11,9,8)]","semantics":"exact"}
{"type":"config","target":"Stabilizer(MathieuGroup(11),1)","p":2,"shape":[8,8,72],"shape_sd":["Q8","Q8","(C3 x C3) : Q8"],"sigma":2304,"k":3,"ncolls":5,"blocked":[true,true,true],"S_gens":"[(2,7,5,10)(4,6,11,9), (2,4,5,11)(6,7,9,10)]","T_gens":"[(3,5,10,9)(6,11,8,7), (3,11,10,7)(5,6,9,8)]","U_gens":"[(2,4,10,8)(3,9,11,6), (2,4,3,10)(5,11,9,8)]","semantics":"exact"}
SHAPE (8,8,72) p=2 k=3 |Sigma|=2304: frames=280 eligible=80 blocked=64 max_sigma=3072 elapsed=1.5s [287/349 shapes]
SHAPE (8,8,72) p=2 k=2 |Sigma|=2304: frames=280 eligible=0 blocked=0 max_sigma=3072 elapsed=1.3s [299/349 shapes]
{"type":"config","target":"Stabilizer(MathieuGroup(11),1)","p":2,"shape":[8,8,72],"shape_sd":["C8","Q8","(C3 x C3) : Q8"],"sigma":2304,"k":2,"ncolls":5,"blocked":[true,true,true],"S_gens":"[(2,3)(4,5,6,11,10,8,7,9)]","T_gens":"[(2,3,8,5)(7,9,10,11), (2,9,8,11)(3,7,5,10)]","U_gens":"[(2,11,5,4)(6,10,9,7), (2,4,10,3)(5,6,9,7)]","semantics":"exact"}
{"type":"config","target":"Stabilizer(MathieuGroup(11),1)","p":2,"shape":[8,8,72],"shape_sd":["C8","Q8","(C3 x C3) : Q8"],"sigma":2304,"k":2,"ncolls":5,"blocked":[true,true,true],"S_gens":"[(2,3)(4,5,6,11,10,8,7,9)]","T_gens":"[(2,3,8,5)(7,9,10,11), (2,9,8,11)(3,7,5,10)]","U_gens":"[(2,4,6,10)(3,8,7,9), (2,4,8,6)(7,10,11,9)]","semantics":"exact"}
{"type":"config","target":"Stabilizer(MathieuGroup(11),1)","p":2,"shape":[8,8,72],"shape_sd":["C8","Q8","(C3 x C3) : Q8"],"sigma":2304,"k":2,"ncolls":5,"blocked":[true,true,true],"S_gens":"[(2,3)(4,5,6,11,10,8,7,9)]","T_gens":"[(2,9,11,3)(5,6,8,10), (2,10,11,6)(3,5,9,8)]","U_gens":"[(2,4,8,3)(5,10,6,11), (2,4,6,8)(3,7,5,11)]","semantics":"exact"}
{"type":"config","target":"Stabilizer(MathieuGroup(11),1)","p":2,"shape":[8,8,72],"shape_sd":["C8","Q8","(C3 x C3) : Q8"],"sigma":2304,"k":2,"ncolls":5,"blocked":[true,true,true],"S_gens":"[(2,3)(4,5,6,11,10,8,7,9)]","T_gens":"[(2,9,11,3)(5,6,8,10), (2,10,11,6)(3,5,9,8)]","U_gens":"[(2,4,3,6)(5,7,8,10), (2,4,10,3)(5,6,9,7)]","semantics":"exact"}
{"type":"config","target":"Stabilizer(MathieuGroup(11),1)","p":2,"shape":[8,8,72],"shape_sd":["C8","Q8","(C3 x C3) : Q8"],"sigma":2304,"k":2,"ncolls":5,"blocked":[true,true,true],"S_gens":"[(2,3)(4,5,6,11,10,8,7,9)]","T_gens":"[(2,3,4,10)(6,11,7,8), (2,7,4,6)(3,11,10,8)]","U_gens":"[(2,3,6,11)(5,9,7,10), (2,5,8,3)(7,11,10,9)]","semantics":"exact"}
{"type":"config","target":"Stabilizer(MathieuGroup(11),1)","p":2,"shape":[8,8,72],"shape_sd":["C8","Q8","(C3 x C3) : Q8"],"sigma":2304,"k":2,"ncolls":5,"blocked":[true,true,true],"S_gens":"[(2,3)(4,5,6,11,10,8,7,9)]","T_gens":"[(2,3,4,10)(6,11,7,8), (2,7,4,6)(3,11,10,8)]","U_gens":"[(2,11,6,7)(3,4,5,8), (3,11,4,8)(5,9,7,6)]","semantics":"exact"}
{"type":"config","target":"Stabilizer(MathieuGroup(11),1)","p":2,"shape":[8,8,72],"shape_sd":["C8","Q8","(C3 x C3) : Q8"],"sigma":2304,"k":2,"ncolls":5,"blocked":[true,true,true],"S_gens":"[(2,3)(4,5,6,11,10,8,7,9)]","T_gens":"[(2,7,6,3)(4,8,10,9), (2,8,6,9)(3,10,7,4)]","U_gens":"[(2,8,10,3)(4,5,11,7), (2,5,8,3)(7,11,10,9)]","semantics":"exact"}
{"type":"config","target":"Stabilizer(MathieuGroup(11),1)","p":2,"shape":[8,8,72],"shape_sd":["C8","Q8","(C3 x C3) : Q8"],"sigma":2304,"k":2,"ncolls":5,"blocked":[true,true,true],"S_gens":"[(2,3)(4,5,6,11,10,8,7,9)]","T_gens":"[(2,7,6,3)(4,8,10,9), (2,8,6,9)(3,10,7,4)]","U_gens":"[(2,4,10,8)(3,9,11,6), (2,4,3,10)(5,11,9,8)]","semantics":"exact"}
{"type":"config","target":"Stabilizer(MathieuGroup(11),1)","p":2,"shape":[8,8,72],"shape_sd":["C8","Q8","(C3 x C3) : Q8"],"sigma":2304,"k":2,"ncolls":5,"blocked":[true,true,true],"S_gens":"[(2,3)(4,5,6,11,10,8,7,9)]","T_gens":"[(2,3,9,11)(4,5,7,8), (2,5,9,8)(3,4,11,7)]","U_gens":"[(2,4,8,3)(5,10,6,11), (2,4,6,8)(3,7,5,11)]","semantics":"exact"}
{"type":"config","target":"Stabilizer(MathieuGroup(11),1)","p":2,"shape":[8,8,72],"shape_sd":["C8","Q8","(C3 x C3) : Q8"],"sigma":2304,"k":2,"ncolls":5,"blocked":[true,true,true],"S_gens":"[(2,3)(4,5,6,11,10,8,7,9)]","T_gens":"[(2,3,9,11)(4,5,7,8), (2,5,9,8)(3,4,11,7)]","U_gens":"[(2,4,3,6)(5,7,8,10), (2,4,10,3)(5,6,9,7)]","semantics":"exact"}
{"type":"config","target":"Stabilizer(MathieuGroup(11),1)","p":2,"shape":[8,8,72],"shape_sd":["C8","Q8","(C3 x C3) : Q8"],"sigma":2304,"k":2,"ncolls":5,"blocked":[true,true,true],"S_gens":"[(2,3)(4,5,6,11,10,8,7,9)]","T_gens":"[(2,8,5,3)(4,11,6,9), (2,6,5,4)(3,9,8,11)]","U_gens":"[(2,11,5,4)(6,10,9,7), (2,4,10,3)(5,6,9,7)]","semantics":"exact"}
{"type":"config","target":"Stabilizer(MathieuGroup(11),1)","p":2,"shape":[8,8,72],"shape_sd":["C8","Q8","(C3 x C3) : Q8"],"sigma":2304,"k":2,"ncolls":5,"blocked":[true,true,true],"S_gens":"[(2,3)(4,5,6,11,10,8,7,9)]","T_gens":"[(2,8,5,3)(4,11,6,9), (2,6,5,4)(3,9,8,11)]","U_gens":"[(2,4,6,10)(3,8,7,9), (2,4,8,6)(7,10,11,9)]","semantics":"exact"}
{"type":"config","target":"Stabilizer(MathieuGroup(11),1)","p":2,"shape":[8,8,72],"shape_sd":["C8","Q8","(C3 x C3) : Q8"],"sigma":2304,"k":2,"ncolls":5,"blocked":[true,true,true],"S_gens":"[(2,3)(4,5,6,11,10,8,7,9)]","T_gens":"[(2,6,7,3)(4,11,10,5), (2,5,7,11)(3,4,6,10)]","U_gens":"[(2,8,10,3)(4,5,11,7), (2,5,8,3)(7,11,10,9)]","semantics":"exact"}
{"type":"config","target":"Stabilizer(MathieuGroup(11),1)","p":2,"shape":[8,8,72],"shape_sd":["C8","Q8","(C3 x C3) : Q8"],"sigma":2304,"k":2,"ncolls":5,"blocked":[true,true,true],"S_gens":"[(2,3)(4,5,6,11,10,8,7,9)]","T_gens":"[(2,6,7,3)(4,11,10,5), (2,5,7,11)(3,4,6,10)]","U_gens":"[(2,4,10,8)(3,9,11,6), (2,4,3,10)(5,11,9,8)]","semantics":"exact"}
{"type":"config","target":"Stabilizer(MathieuGroup(11),1)","p":2,"shape":[8,8,72],"shape_sd":["C8","Q8","(C3 x C3) : Q8"],"sigma":2304,"k":2,"ncolls":5,"blocked":[true,true,true],"S_gens":"[(2,3)(4,5,6,11,10,8,7,9)]","T_gens":"[(2,3,10,4)(5,7,9,6), (2,6,10,7)(3,9,4,5)]","U_gens":"[(2,3,6,11)(5,9,7,10), (2,5,8,3)(7,11,10,9)]","semantics":"exact"}
{"type":"config","target":"Stabilizer(MathieuGroup(11),1)","p":2,"shape":[8,8,72],"shape_sd":["C8","Q8","(C3 x C3) : Q8"],"sigma":2304,"k":2,"ncolls":5,"blocked":[true,true,true],"S_gens":"[(2,3)(4,5,6,11,10,8,7,9)]","T_gens":"[(2,3,10,4)(5,7,9,6), (2,6,10,7)(3,9,4,5)]","U_gens":"[(2,11,6,7)(3,4,5,8), (3,11,4,8)(5,9,7,6)]","semantics":"exact"}
SHAPE (8,8,72) p=2 k=2 |Sigma|=2304: frames=280 eligible=16 blocked=16 max_sigma=3072 elapsed=1.4s [300/349 shapes]
SHAPE (8,72,8) p=2 k=2 |Sigma|=2304: frames=280 eligible=0 blocked=0 max_sigma=3072 elapsed=1.4s [309/349 shapes]
SHAPE (8,72,8) p=2 k=2 |Sigma|=2304: frames=280 eligible=0 blocked=0 max_sigma=3072 elapsed=1.2s [310/349 shapes]
{"type":"config","target":"Stabilizer(MathieuGroup(11),1)","p":2,"shape":[8,8,72],"shape_sd":["Q8","Q8","(C3 x C3) : Q8"],"sigma":2304,"k":2,"ncolls":5,"blocked":[true,true,true],"S_gens":"[(2,7,5,10)(4,6,11,9), (2,4,5,11)(6,7,9,10)]","T_gens":"[(2,11,5,6)(3,8,7,10), (2,8,5,10)(3,6,7,11)]","U_gens":"[(2,4,3,6)(5,7,8,10), (2,4,10,3)(5,6,9,7)]","semantics":"exact"}
{"type":"config","target":"Stabilizer(MathieuGroup(11),1)","p":2,"shape":[8,8,72],"shape_sd":["Q8","Q8","(C3 x C3) : Q8"],"sigma":2304,"k":2,"ncolls":5,"blocked":[true,true,true],"S_gens":"[(2,7,5,10)(4,6,11,9), (2,4,5,11)(6,7,9,10)]","T_gens":"[(2,11,5,6)(3,8,7,10), (2,8,5,10)(3,6,7,11)]","U_gens":"[(2,8,10,3)(4,5,11,7), (2,5,8,3)(7,11,10,9)]","semantics":"exact"}
{"type":"config","target":"Stabilizer(MathieuGroup(11),1)","p":2,"shape":[8,8,72],"shape_sd":["Q8","Q8","(C3 x C3) : Q8"],"sigma":2304,"k":2,"ncolls":5,"blocked":[true,true,true],"S_gens":"[(2,7,5,10)(4,6,11,9), (2,4,5,11)(6,7,9,10)]","T_gens":"[(2,11,5,6)(3,8,7,10), (2,8,5,10)(3,6,7,11)]","U_gens":"[(2,4,10,8)(3,9,11,6), (2,4,3,10)(5,11,9,8)]","semantics":"exact"}
{"type":"config","target":"Stabilizer(MathieuGroup(11),1)","p":2,"shape":[8,8,72],"shape_sd":["Q8","Q8","(C3 x C3) : Q8"],"sigma":2304,"k":2,"ncolls":5,"blocked":[true,true,true],"S_gens":"[(2,7,5,10)(4,6,11,9), (2,4,5,11)(6,7,9,10)]","T_gens":"[(2,11,5,6)(3,8,7,10), (2,8,5,10)(3,6,7,11)]","U_gens":"[(2,11,6,7)(3,4,5,8), (3,11,4,8)(5,9,7,6)]","semantics":"exact"}
{"type":"config","target":"Stabilizer(MathieuGroup(11),1)","p":2,"shape":[8,8,72],"shape_sd":["Q8","Q8","(C3 x C3) : Q8"],"sigma":2304,"k":2,"ncolls":5,"blocked":[true,true,true],"S_gens":"[(2,7,5,10)(4,6,11,9), (2,4,5,11)(6,7,9,10)]","T_gens":"[(2,3,8,5)(7,9,10,11), (2,9,8,11)(3,7,5,10)]","U_gens":"[(2,4,8,3)(5,10,6,11), (2,4,6,8)(3,7,5,11)]","semantics":"exact"}
{"type":"config","target":"Stabilizer(MathieuGroup(11),1)","p":2,"shape":[8,8,72],"shape_sd":["Q8","Q8","(C3 x C3) : Q8"],"sigma":2304,"k":2,"ncolls":5,"blocked":[true,true,true],"S_gens":"[(2,7,5,10)(4,6,11,9), (2,4,5,11)(6,7,9,10)]","T_gens":"[(2,3,8,5)(7,9,10,11), (2,9,8,11)(3,7,5,10)]","U_gens":"[(3,8,10,6)(5,11,9,7), (3,11,4,8)(5,9,7,6)]","semantics":"exact"}
{"type":"config","target":"Stabilizer(MathieuGroup(11),1)","p":2,"shape":[8,8,72],"shape_sd":["Q8","Q8","(C3 x C3) : Q8"],"sigma":2304,"k":2,"ncolls":5,"blocked":[true,true,true],"S_gens":"[(2,7,5,10)(4,6,11,9), (2,4,5,11)(6,7,9,10)]","T_gens":"[(2,3,8,5)(7,9,10,11), (2,9,8,11)(3,7,5,10)]","U_gens":"[(2,4,3,6)(5,7,8,10), (2,4,10,3)(5,6,9,7)]","semantics":"exact"}
{"type":"config","target":"Stabilizer(MathieuGroup(11),1)","p":2,"shape":[8,8,72],"shape_sd":["Q8","Q8","(C3 x C3) : Q8"],"sigma":2304,"k":2,"ncolls":5,"blocked":[true,true,true],"S_gens":"[(2,7,5,10)(4,6,11,9), (2,4,5,11)(6,7,9,10)]","T_gens":"[(2,3,8,5)(7,9,10,11), (2,9,8,11)(3,7,5,10)]","U_gens":"[(2,4,6,10)(3,8,7,9), (2,4,8,6)(7,10,11,9)]","semantics":"exact"}
{"type":"config","target":"Stabilizer(MathieuGroup(11),1)","p":2,"shape":[8,8,72],"shape_sd":["Q8","Q8","(C3 x C3) : Q8"],"sigma":2304,"k":2,"ncolls":5,"blocked":[true,true,true],"S_gens":"[(2,7,5,10)(4,6,11,9), (2,4,5,11)(6,7,9,10)]","T_gens":"[(2,6,10,9)(3,4,11,8), (2,4,10,8)(3,9,11,6)]","U_gens":"[(3,8,10,6)(5,11,9,7), (3,11,4,8)(5,9,7,6)]","semantics":"exact"}
{"type":"config","target":"Stabilizer(MathieuGroup(11),1)","p":2,"shape":[8,8,72],"shape_sd":["Q8","Q8","(C3 x C3) : Q8"],"sigma":2304,"k":2,"ncolls":5,"blocked":[true,true,true],"S_gens":"[(2,7,5,10)(4,6,11,9), (2,4,5,11)(6,7,9,10)]","T_gens":"[(2,6,10,9)(3,4,11,8), (2,4,10,8)(3,9,11,6)]","U_gens":"[(2,4,3,6)(5,7,8,10), (2,4,10,3)(5,6,9,7)]","semantics":"exact"}
{"type":"config","target":"Stabilizer(MathieuGroup(11),1)","p":2,"shape":[8,8,72],"shape_sd":["Q8","Q8","(C3 x C3) : Q8"],"sigma":2304,"k":2,"ncolls":5,"blocked":[true,true,true],"S_gens":"[(2,7,5,10)(4,6,11,9), (2,4,5,11)(6,7,9,10)]","T_gens":"[(2,6,10,9)(3,4,11,8), (2,4,10,8)(3,9,11,6)]","U_gens":"[(2,3,6,11)(5,9,7,10), (2,5,8,3)(7,11,10,9)]","semantics":"exact"}
{"type":"config","target":"Stabilizer(MathieuGroup(11),1)","p":2,"shape":[8,8,72],"shape_sd":["Q8","Q8","(C3 x C3) : Q8"],"sigma":2304,"k":2,"ncolls":5,"blocked":[true,true,true],"S_gens":"[(2,7,5,10)(4,6,11,9), (2,4,5,11)(6,7,9,10)]","T_gens":"[(2,6,10,9)(3,4,11,8), (2,4,10,8)(3,9,11,6)]","U_gens":"[(2,11,6,7)(3,4,5,8), (3,11,4,8)(5,9,7,6)]","semantics":"exact"}
{"type":"config","target":"Stabilizer(MathieuGroup(11),1)","p":2,"shape":[8,8,72],"shape_sd":["Q8","Q8","(C3 x C3) : Q8"],"sigma":2304,"k":2,"ncolls":5,"blocked":[true,true,true],"S_gens":"[(2,7,5,10)(4,6,11,9), (2,4,5,11)(6,7,9,10)]","T_gens":"[(2,11,7,4)(3,8,9,6), (2,9,7,3)(4,6,11,8)]","U_gens":"[(2,4,8,3)(5,10,6,11), (2,4,6,8)(3,7,5,11)]","semantics":"exact"}
{"type":"config","target":"Stabilizer(MathieuGroup(11),1)","p":2,"shape":[8,8,72],"shape_sd":["Q8","Q8","(C3 x C3) : Q8"],"sigma":2304,"k":2,"ncolls":5,"blocked":[true,true,true],"S_gens":"[(2,7,5,10)(4,6,11,9), (2,4,5,11)(6,7,9,10)]","T_gens":"[(2,11,7,4)(3,8,9,6), (2,9,7,3)(4,6,11,8)]","U_gens":"[(3,8,10,6)(5,11,9,7), (3,11,4,8)(5,9,7,6)]","semantics":"exact"}
{"type":"config","target":"Stabilizer(MathieuGroup(11),1)","p":2,"shape":[8,8,72],"shape_sd":["Q8","Q8","(C3 x C3) : Q8"],"sigma":2304,"k":2,"ncolls":5,"blocked":[true,true,true],"S_gens":"[(2,7,5,10)(4,6,11,9), (2,4,5,11)(6,7,9,10)]","T_gens":"[(2,11,7,4)(3,8,9,6), (2,9,7,3)(4,6,11,8)]","U_gens":"[(2,8,10,3)(4,5,11,7), (2,5,8,3)(7,11,10,9)]","semantics":"exact"}
{"type":"config","target":"Stabilizer(MathieuGroup(11),1)","p":2,"shape":[8,8,72],"shape_sd":["Q8","Q8","(C3 x C3) : Q8"],"sigma":2304,"k":2,"ncolls":5,"blocked":[true,true,true],"S_gens":"[(2,7,5,10)(4,6,11,9), (2,4,5,11)(6,7,9,10)]","T_gens":"[(2,11,7,4)(3,8,9,6), (2,9,7,3)(4,6,11,8)]","U_gens":"[(2,4,10,8)(3,9,11,6), (2,4,3,10)(5,11,9,8)]","semantics":"exact"}
{"type":"config","target":"Stabilizer(MathieuGroup(11),1)","p":2,"shape":[8,8,72],"shape_sd":["Q8","Q8","(C3 x C3) : Q8"],"sigma":2304,"k":2,"ncolls":5,"blocked":[true,true,true],"S_gens":"[(2,7,5,10)(4,6,11,9), (2,4,5,11)(6,7,9,10)]","T_gens":"[(2,4,5,9)(3,7,10,8), (2,10,5,3)(4,7,9,8)]","U_gens":"[(2,4,8,3)(5,10,6,11), (2,4,6,8)(3,7,5,11)]","semantics":"exact"}
{"type":"config","target":"Stabilizer(MathieuGroup(11),1)","p":2,"shape":[8,8,72],"shape_sd":["Q8","Q8","(C3 x C3) : Q8"],"sigma":2304,"k":2,"ncolls":5,"blocked":[true,true,true],"S_gens":"[(2,7,5,10)(4,6,11,9), (2,4,5,11)(6,7,9,10)]","T_gens":"[(2,4,5,9)(3,7,10,8), (2,10,5,3)(4,7,9,8)]","U_gens":"[(2,3,6,11)(5,9,7,10), (2,5,8,3)(7,11,10,9)]","semantics":"exact"}
{"type":"config","target":"Stabilizer(MathieuGroup(11),1)","p":2,"shape":[8,8,72],"shape_sd":["Q8","Q8","(C3 x C3) : Q8"],"sigma":2304,"k":2,"ncolls":5,"blocked":[true,true,true],"S_gens":"[(2,7,5,10)(4,6,11,9), (2,4,5,11)(6,7,9,10)]","T_gens":"[(2,4,5,9)(3,7,10,8), (2,10,5,3)(4,7,9,8)]","U_gens":"[(2,4,10,8)(3,9,11,6), (2,4,3,10)(5,11,9,8)]","semantics":"exact"}
{"type":"config","target":"Stabilizer(MathieuGroup(11),1)","p":2,"shape":[8,8,72],"shape_sd":["Q8","Q8","(C3 x C3) : Q8"],"sigma":2304,"k":2,"ncolls":5,"blocked":[true,true,true],"S_gens":"[(2,7,5,10)(4,6,11,9), (2,4,5,11)(6,7,9,10)]","T_gens":"[(2,4,5,9)(3,7,10,8), (2,10,5,3)(4,7,9,8)]","U_gens":"[(2,11,6,7)(3,4,5,8), (3,11,4,8)(5,9,7,6)]","semantics":"exact"}
{"type":"config","target":"Stabilizer(MathieuGroup(11),1)","p":2,"shape":[8,8,72],"shape_sd":["Q8","Q8","(C3 x C3) : Q8"],"sigma":2304,"k":2,"ncolls":5,"blocked":[true,true,true],"S_gens":"[(2,7,5,10)(4,6,11,9), (2,4,5,11)(6,7,9,10)]","T_gens":"[(2,8,3,5)(4,7,6,10), (2,4,3,6)(5,7,8,10)]","U_gens":"[(3,8,10,6)(5,11,9,7), (3,11,4,8)(5,9,7,6)]","semantics":"exact"}
{"type":"config","target":"Stabilizer(MathieuGroup(11),1)","p":2,"shape":[8,8,72],"shape_sd":["Q8","Q8","(C3 x C3) : Q8"],"sigma":2304,"k":2,"ncolls":5,"blocked":[true,true,true],"S_gens":"[(2,7,5,10)(4,6,11,9), (2,4,5,11)(6,7,9,10)]","T_gens":"[(2,8,3,5)(4,7,6,10), (2,4,3,6)(5,7,8,10)]","U_gens":"[(2,3,6,11)(5,9,7,10), (2,5,8,3)(7,11,10,9)]","semantics":"exact"}
{"type":"config","target":"Stabilizer(MathieuGroup(11),1)","p":2,"shape":[8,8,72],"shape_sd":["Q8","Q8","(C3 x C3) : Q8"],"sigma":2304,"k":2,"ncolls":5,"blocked":[true,true,true],"S_gens":"[(2,7,5,10)(4,6,11,9), (2,4,5,11)(6,7,9,10)]","T_gens":"[(2,8,3,5)(4,7,6,10), (2,4,3,6)(5,7,8,10)]","U_gens":"[(2,4,6,10)(3,8,7,9), (2,4,8,6)(7,10,11,9)]","semantics":"exact"}
{"type":"config","target":"Stabilizer(MathieuGroup(11),1)","p":2,"shape":[8,8,72],"shape_sd":["Q8","Q8","(C3 x C3) : Q8"],"sigma":2304,"k":2,"ncolls":5,"blocked":[true,true,true],"S_gens":"[(2,7,5,10)(4,6,11,9), (2,4,5,11)(6,7,9,10)]","T_gens":"[(2,8,3,5)(4,7,6,10), (2,4,3,6)(5,7,8,10)]","U_gens":"[(2,8,10,3)(4,5,11,7), (2,5,8,3)(7,11,10,9)]","semantics":"exact"}
{"type":"config","target":"Stabilizer(MathieuGroup(11),1)","p":2,"shape":[8,8,72],"shape_sd":["Q8","Q8","(C3 x C3) : Q8"],"sigma":2304,"k":2,"ncolls":5,"blocked":[true,true,true],"S_gens":"[(2,7,5,10)(4,6,11,9), (2,4,5,11)(6,7,9,10)]","T_gens":"[(3,9,6,8)(4,5,11,10), (3,5,6,10)(4,8,11,9)]","U_gens":"[(2,4,8,3)(5,10,6,11), (2,4,6,8)(3,7,5,11)]","semantics":"exact"}
{"type":"config","target":"Stabilizer(MathieuGroup(11),1)","p":2,"shape":[8,8,72],"shape_sd":["Q8","Q8","(C3 x C3) : Q8"],"sigma":2304,"k":2,"ncolls":5,"blocked":[true,true,true],"S_gens":"[(2,7,5,10)(4,6,11,9), (2,4,5,11)(6,7,9,10)]","T_gens":"[(3,9,6,8)(4,5,11,10), (3,5,6,10)(4,8,11,9)]","U_gens":"[(2,4,6,10)(3,8,7,9), (2,4,8,6)(7,10,11,9)]","semantics":"exact"}
{"type":"config","target":"Stabilizer(MathieuGroup(11),1)","p":2,"shape":[8,8,72],"shape_sd":["Q8","Q8","(C3 x C3) : Q8"],"sigma":2304,"k":2,"ncolls":5,"blocked":[true,true,true],"S_gens":"[(2,7,5,10)(4,6,11,9), (2,4,5,11)(6,7,9,10)]","T_gens":"[(3,9,6,8)(4,5,11,10), (3,5,6,10)(4,8,11,9)]","U_gens":"[(2,8,10,3)(4,5,11,7), (2,5,8,3)(7,11,10,9)]","semantics":"exact"}
{"type":"config","target":"Stabilizer(MathieuGroup(11),1)","p":2,"shape":[8,8,72],"shape_sd":["Q8","Q8","(C3 x C3) : Q8"],"sigma":2304,"k":2,"ncolls":5,"blocked":[true,true,true],"S_gens":"[(2,7,5,10)(4,6,11,9), (2,4,5,11)(6,7,9,10)]","T_gens":"[(3,9,6,8)(4,5,11,10), (3,5,6,10)(4,8,11,9)]","U_gens":"[(2,11,6,7)(3,4,5,8), (3,11,4,8)(5,9,7,6)]","semantics":"exact"}
{"type":"config","target":"Stabilizer(MathieuGroup(11),1)","p":2,"shape":[8,8,72],"shape_sd":["Q8","Q8","(C3 x C3) : Q8"],"sigma":2304,"k":2,"ncolls":5,"blocked":[true,true,true],"S_gens":"[(2,7,5,10)(4,6,11,9), (2,4,5,11)(6,7,9,10)]","T_gens":"[(3,8,4,11)(5,6,7,9), (3,9,4,6)(5,8,7,11)]","U_gens":"[(2,4,3,6)(5,7,8,10), (2,4,10,3)(5,6,9,7)]","semantics":"exact"}
{"type":"config","target":"Stabilizer(MathieuGroup(11),1)","p":2,"shape":[8,8,72],"shape_sd":["Q8","Q8","(C3 x C3) : Q8"],"sigma":2304,"k":2,"ncolls":5,"blocked":[true,true,true],"S_gens":"[(2,7,5,10)(4,6,11,9), (2,4,5,11)(6,7,9,10)]","T_gens":"[(3,8,4,11)(5,6,7,9), (3,9,4,6)(5,8,7,11)]","U_gens":"[(2,3,6,11)(5,9,7,10), (2,5,8,3)(7,11,10,9)]","semantics":"exact"}
{"type":"config","target":"Stabilizer(MathieuGroup(11),1)","p":2,"shape":[8,8,72],"shape_sd":["Q8","Q8","(C3 x C3) : Q8"],"sigma":2304,"k":2,"ncolls":5,"blocked":[true,true,true],"S_gens":"[(2,7,5,10)(4,6,11,9), (2,4,5,11)(6,7,9,10)]","T_gens":"[(3,8,4,11)(5,6,7,9), (3,9,4,6)(5,8,7,11)]","U_gens":"[(2,4,6,10)(3,8,7,9), (2,4,8,6)(7,10,11,9)]","semantics":"exact"}
{"type":"config","target":"Stabilizer(MathieuGroup(11),1)","p":2,"shape":[8,8,72],"shape_sd":["Q8","Q8","(C3 x C3) : Q8"],"sigma":2304,"k":2,"ncolls":5,"blocked":[true,true,true],"S_gens":"[(2,7,5,10)(4,6,11,9), (2,4,5,11)(6,7,9,10)]","T_gens":"[(3,8,4,11)(5,6,7,9), (3,9,4,6)(5,8,7,11)]","U_gens":"[(2,4,10,8)(3,9,11,6), (2,4,3,10)(5,11,9,8)]","semantics":"exact"}
SHAPE (8,8,72) p=2 k=2 |Sigma|=2304: frames=280 eligible=32 blocked=32 max_sigma=3072 elapsed=1.4s [312/349 shapes]
{"type":"config","target":"Stabilizer(MathieuGroup(11),1)","p":2,"shape":[8,72,8],"shape_sd":["Q8","(C3 x C3) : Q8","C8"],"sigma":2304,"k":2,"ncolls":5,"blocked":[true,true,true],"S_gens":"[(2,7,5,10)(4,6,11,9), (2,4,5,11)(6,7,9,10)]","T_gens":"[(2,4,8,3)(5,10,6,11), (2,4,6,8)(3,7,5,11)]","U_gens":"[(2,4)(3,7,9,8,10,11,5,6)]","semantics":"exact"}
{"type":"config","target":"Stabilizer(MathieuGroup(11),1)","p":2,"shape":[8,72,8],"shape_sd":["Q8","(C3 x C3) : Q8","C8"],"sigma":2304,"k":2,"ncolls":5,"blocked":[true,true,true],"S_gens":"[(2,7,5,10)(4,6,11,9), (2,4,5,11)(6,7,9,10)]","T_gens":"[(2,4,8,3)(5,10,6,11), (2,4,6,8)(3,7,5,11)]","U_gens":"[(2,3,8,11,9,6,7,10)(4,5)]","semantics":"exact"}
{"type":"config","target":"Stabilizer(MathieuGroup(11),1)","p":2,"shape":[8,72,8],"shape_sd":["Q8","(C3 x C3) : Q8","C8"],"sigma":2304,"k":2,"ncolls":5,"blocked":[true,true,true],"S_gens":"[(2,7,5,10)(4,6,11,9), (2,4,5,11)(6,7,9,10)]","T_gens":"[(2,4,8,3)(5,10,6,11), (2,4,6,8)(3,7,5,11)]","U_gens":"[(2,11,5,10,8,9,3,7)(4,6)]","semantics":"exact"}
{"type":"config","target":"Stabilizer(MathieuGroup(11),1)","p":2,"shape":[8,72,8],"shape_sd":["Q8","(C3 x C3) : Q8","C8"],"sigma":2304,"k":2,"ncolls":5,"blocked":[true,true,true],"S_gens":"[(2,7,5,10)(4,6,11,9), (2,4,5,11)(6,7,9,10)]","T_gens":"[(2,4,8,3)(5,10,6,11), (2,4,6,8)(3,7,5,11)]","U_gens":"[(2,3,9,8,5,10,4,7)(6,11)]","semantics":"exact"}
{"type":"config","target":"Stabilizer(MathieuGroup(11),1)","p":2,"shape":[8,72,8],"shape_sd":["Q8","(C3 x C3) : Q8","C8"],"sigma":2304,"k":2,"ncolls":5,"blocked":[true,true,true],"S_gens":"[(2,7,5,10)(4,6,11,9), (2,4,5,11)(6,7,9,10)]","T_gens":"[(2,4,8,3)(5,10,6,11), (2,4,6,8)(3,7,5,11)]","U_gens":"[(2,10,8,3,4,9,6,5)(7,11)]","semantics":"exact"}
{"type":"config","target":"Stabilizer(MathieuGroup(11),1)","p":2,"shape":[8,72,8],"shape_sd":["Q8","(C3 x C3) : Q8","C8"],"sigma":2304,"k":2,"ncolls":5,"blocked":[true,true,true],"S_gens":"[(2,7,5,10)(4,6,11,9), (2,4,5,11)(6,7,9,10)]","T_gens":"[(2,4,8,3)(5,10,6,11), (2,4,6,8)(3,7,5,11)]","U_gens":"[(2,4,7,6,8,5,9,3)(10,11)]","semantics":"exact"}
{"type":"config","target":"Stabilizer(MathieuGroup(11),1)","p":2,"shape":[8,72,8],"shape_sd":["Q8","(C3 x C3) : Q8","C8"],"sigma":2304,"k":2,"ncolls":5,"blocked":[true,true,true],"S_gens":"[(2,7,5,10)(4,6,11,9), (2,4,5,11)(6,7,9,10)]","T_gens":"[(3,8,10,6)(5,11,9,7), (3,11,4,8)(5,9,7,6)]","U_gens":"[(2,6,3,5,11,10,9,8)(4,7)]","semantics":"exact"}
{"type":"config","target":"Stabilizer(MathieuGroup(11),1)","p":2,"shape":[8,72,8],"shape_sd":["Q8","(C3 x C3) : Q8","C8"],"sigma":2304,"k":2,"ncolls":5,"blocked":[true,true,true],"S_gens":"[(2,7,5,10)(4,6,11,9), (2,4,5,11)(6,7,9,10)]","T_gens":"[(3,8,10,6)(5,11,9,7), (3,11,4,8)(5,9,7,6)]","U_gens":"[(2,8,9,11,10,4,6,3)(5,7)]","semantics":"exact"}
{"type":"config","target":"Stabilizer(MathieuGroup(11),1)","p":2,"shape":[8,72,8],"shape_sd":["Q8","(C3 x C3) : Q8","C8"],"sigma":2304,"k":2,"ncolls":5,"blocked":[true,true,true],"S_gens":"[(2,7,5,10)(4,6,11,9), (2,4,5,11)(6,7,9,10)]","T_gens":"[(3,8,10,6)(5,11,9,7), (3,11,4,8)(5,9,7,6)]","U_gens":"[(2,3,4,6,7,9,11,8)(5,10)]","semantics":"exact"}
{"type":"config","target":"Stabilizer(MathieuGroup(11),1)","p":2,"shape":[8,72,8],"shape_sd":["Q8","(C3 x C3) : Q8","C8"],"sigma":2304,"k":2,"ncolls":5,"blocked":[true,true,true],"S_gens":"[(2,7,5,10)(4,6,11,9), (2,4,5,11)(6,7,9,10)]","T_gens":"[(3,8,10,6)(5,11,9,7), (3,11,4,8)(5,9,7,6)]","U_gens":"[(2,8,11,7,9,5,3,4)(6,10)]","semantics":"exact"}
{"type":"config","target":"Stabilizer(MathieuGroup(11),1)","p":2,"shape":[8,72,8],"shape_sd":["Q8","(C3 x C3) : Q8","C8"],"sigma":2304,"k":2,"ncolls":5,"blocked":[true,true,true],"S_gens":"[(2,7,5,10)(4,6,11,9), (2,4,5,11)(6,7,9,10)]","T_gens":"[(3,8,10,6)(5,11,9,7), (3,11,4,8)(5,9,7,6)]","U_gens":"[(2,10,8,3,4,9,6,5)(7,11)]","semantics":"exact"}
{"type":"config","target":"Stabilizer(MathieuGroup(11),1)","p":2,"shape":[8,72,8],"shape_sd":["Q8","(C3 x C3) : Q8","C8"],"sigma":2304,"k":2,"ncolls":5,"blocked":[true,true,true],"S_gens":"[(2,7,5,10)(4,6,11,9), (2,4,5,11)(6,7,9,10)]","T_gens":"[(3,8,10,6)(5,11,9,7), (3,11,4,8)(5,9,7,6)]","U_gens":"[(2,11,8,5,6,7,4,3)(9,10)]","semantics":"exact"}
{"type":"config","target":"Stabilizer(MathieuGroup(11),1)","p":2,"shape":[8,72,8],"shape_sd":["Q8","(C3 x C3) : Q8","C8"],"sigma":2304,"k":2,"ncolls":5,"blocked":[true,true,true],"S_gens":"[(2,7,5,10)(4,6,11,9), (2,4,5,11)(6,7,9,10)]","T_gens":"[(2,4,3,6)(5,7,8,10), (2,4,10,3)(5,6,9,7)]","U_gens":"[(2,6)(3,4,5,9,7,8,11,10)]","semantics":"exact"}
{"type":"config","target":"Stabilizer(MathieuGroup(11),1)","p":2,"shape":[8,72,8],"shape_sd":["Q8","(C3 x C3) : Q8","C8"],"sigma":2304,"k":2,"ncolls":5,"blocked":[true,true,true],"S_gens":"[(2,7,5,10)(4,6,11,9), (2,4,5,11)(6,7,9,10)]","T_gens":"[(2,4,3,6)(5,7,8,10), (2,4,10,3)(5,6,9,7)]","U_gens":"[(2,11,5,10,8,9,3,7)(4,6)]","semantics":"exact"}
{"type":"config","target":"Stabilizer(MathieuGroup(11),1)","p":2,"shape":[8,72,8],"shape_sd":["Q8","(C3 x C3) : Q8","C8"],"sigma":2304,"k":2,"ncolls":5,"blocked":[true,true,true],"S_gens":"[(2,7,5,10)(4,6,11,9), (2,4,5,11)(6,7,9,10)]","T_gens":"[(2,4,3,6)(5,7,8,10), (2,4,10,3)(5,6,9,7)]","U_gens":"[(2,10,6,7,5,8,11,3)(4,9)]","semantics":"exact"}
{"type":"config","target":"Stabilizer(MathieuGroup(11),1)","p":2,"shape":[8,72,8],"shape_sd":["Q8","(C3 x C3) : Q8","C8"],"sigma":2304,"k":2,"ncolls":5,"blocked":[true,true,true],"S_gens":"[(2,7,5,10)(4,6,11,9), (2,4,5,11)(6,7,9,10)]","T_gens":"[(2,4,3,6)(5,7,8,10), (2,4,10,3)(5,6,9,7)]","U_gens":"[(2,4,8,7,11,3,10,9)(5,6)]","semantics":"exact"}
{"type":"config","target":"Stabilizer(MathieuGroup(11),1)","p":2,"shape":[8,72,8],"shape_sd":["Q8","(C3 x C3) : Q8","C8"],"sigma":2304,"k":2,"ncolls":5,"blocked":[true,true,true],"S_gens":"[(2,7,5,10)(4,6,11,9), (2,4,5,11)(6,7,9,10)]","T_gens":"[(2,4,3,6)(5,7,8,10), (2,4,10,3)(5,6,9,7)]","U_gens":"[(2,3,11,5,8,4,10,6)(7,9)]","semantics":"exact"}
{"type":"config","target":"Stabilizer(MathieuGroup(11),1)","p":2,"shape":[8,72,8],"shape_sd":["Q8","(C3 x C3) : Q8","C8"],"sigma":2304,"k":2,"ncolls":5,"blocked":[true,true,true],"S_gens":"[(2,7,5,10)(4,6,11,9), (2,4,5,11)(6,7,9,10)]","T_gens":"[(2,4,3,6)(5,7,8,10), (2,4,10,3)(5,6,9,7)]","U_gens":"[(2,11,8,5,6,7,4,3)(9,10)]","semantics":"exact"}
{"type":"config","target":"Stabilizer(MathieuGroup(11),1)","p":2,"shape":[8,72,8],"shape_sd":["Q8","(C3 x C3) : Q8","C8"],"sigma":2304,"k":2,"ncolls":5,"blocked":[true,true,true],"S_gens":"[(2,7,5,10)(4,6,11,9), (2,4,5,11)(6,7,9,10)]","T_gens":"[(2,3,6,11)(5,9,7,10), (2,5,8,3)(7,11,10,9)]","U_gens":"[(2,9)(3,5,10,7,11,4,6,8)]","semantics":"exact"}
{"type":"config","target":"Stabilizer(MathieuGroup(11),1)","p":2,"shape":[8,72,8],"shape_sd":["Q8","(C3 x C3) : Q8","C8"],"sigma":2304,"k":2,"ncolls":5,"blocked":[true,true,true],"S_gens":"[(2,7,5,10)(4,6,11,9), (2,4,5,11)(6,7,9,10)]","T_gens":"[(2,3,6,11)(5,9,7,10), (2,5,8,3)(7,11,10,9)]","U_gens":"[(2,6,10,8,4,7,3,11)(5,9)]","semantics":"exact"}
{"type":"config","target":"Stabilizer(MathieuGroup(11),1)","p":2,"shape":[8,72,8],"shape_sd":["Q8","(C3 x C3) : Q8","C8"],"sigma":2304,"k":2,"ncolls":5,"blocked":[true,true,true],"S_gens":"[(2,7,5,10)(4,6,11,9), (2,4,5,11)(6,7,9,10)]","T_gens":"[(2,3,6,11)(5,9,7,10), (2,5,8,3)(7,11,10,9)]","U_gens":"[(2,11,4,9,3,8,10,5)(6,7)]","semantics":"exact"}
{"type":"config","target":"Stabilizer(MathieuGroup(11),1)","p":2,"shape":[8,72,8],"shape_sd":["Q8","(C3 x C3) : Q8","C8"],"sigma":2304,"k":2,"ncolls":5,"blocked":[true,true,true],"S_gens":"[(2,7,5,10)(4,6,11,9), (2,4,5,11)(6,7,9,10)]","T_gens":"[(2,3,6,11)(5,9,7,10), (2,5,8,3)(7,11,10,9)]","U_gens":"[(2,8,11,7,9,5,3,4)(6,10)]","semantics":"exact"}
{"type":"config","target":"Stabilizer(MathieuGroup(11),1)","p":2,"shape":[8,72,8],"shape_sd":["Q8","(C3 x C3) : Q8","C8"],"sigma":2304,"k":2,"ncolls":5,"blocked":[true,true,true],"S_gens":"[(2,7,5,10)(4,6,11,9), (2,4,5,11)(6,7,9,10)]","T_gens":"[(2,3,6,11)(5,9,7,10), (2,5,8,3)(7,11,10,9)]","U_gens":"[(2,3,9,8,5,10,4,7)(6,11)]","semantics":"exact"}
{"type":"config","target":"Stabilizer(MathieuGroup(11),1)","p":2,"shape":[8,72,8],"shape_sd":["Q8","(C3 x C3) : Q8","C8"],"sigma":2304,"k":2,"ncolls":5,"blocked":[true,true,true],"S_gens":"[(2,7,5,10)(4,6,11,9), (2,4,5,11)(6,7,9,10)]","T_gens":"[(2,3,6,11)(5,9,7,10), (2,5,8,3)(7,11,10,9)]","U_gens":"[(2,6,5,7,3,4,8,10)(9,11)]","semantics":"exact"}
{"type":"config","target":"Stabilizer(MathieuGroup(11),1)","p":2,"shape":[8,72,8],"shape_sd":["Q8","(C3 x C3) : Q8","C8"],"sigma":2304,"k":2,"ncolls":5,"blocked":[true,true,true],"S_gens":"[(2,7,5,10)(4,6,11,9), (2,4,5,11)(6,7,9,10)]","T_gens":"[(2,4,6,10)(3,8,7,9), (2,4,8,6)(7,10,11,9)]","U_gens":"[(2,7)(3,10,8,11,6,5,9,4)]","semantics":"exact"}
{"type":"config","target":"Stabilizer(MathieuGroup(11),1)","p":2,"shape":[8,72,8],"shape_sd":["Q8","(C3 x C3) : Q8","C8"],"sigma":2304,"k":2,"ncolls":5,"blocked":[true,true,true],"S_gens":"[(2,7,5,10)(4,6,11,9), (2,4,5,11)(6,7,9,10)]","T_gens":"[(2,4,6,10)(3,8,7,9), (2,4,8,6)(7,10,11,9)]","U_gens":"[(2,10)(3,6,11,5,4,9,8,7)]","semantics":"exact"}
{"type":"config","target":"Stabilizer(MathieuGroup(11),1)","p":2,"shape":[8,72,8],"shape_sd":["Q8","(C3 x C3) : Q8","C8"],"sigma":2304,"k":2,"ncolls":5,"blocked":[true,true,true],"S_gens":"[(2,7,5,10)(4,6,11,9), (2,4,5,11)(6,7,9,10)]","T_gens":"[(2,4,6,10)(3,8,7,9), (2,4,8,6)(7,10,11,9)]","U_gens":"[(2,5,7,8,3,11,6,9)(4,10)]","semantics":"exact"}
{"type":"config","target":"Stabilizer(MathieuGroup(11),1)","p":2,"shape":[8,72,8],"shape_sd":["Q8","(C3 x C3) : Q8","C8"],"sigma":2304,"k":2,"ncolls":5,"blocked":[true,true,true],"S_gens":"[(2,7,5,10)(4,6,11,9), (2,4,5,11)(6,7,9,10)]","T_gens":"[(2,4,6,10)(3,8,7,9), (2,4,8,6)(7,10,11,9)]","U_gens":"[(2,11,4,9,3,8,10,5)(6,7)]","semantics":"exact"}
{"type":"config","target":"Stabilizer(MathieuGroup(11),1)","p":2,"shape":[8,72,8],"shape_sd":["Q8","(C3 x C3) : Q8","C8"],"sigma":2304,"k":2,"ncolls":5,"blocked":[true,true,true],"S_gens":"[(2,7,5,10)(4,6,11,9), (2,4,5,11)(6,7,9,10)]","T_gens":"[(2,4,6,10)(3,8,7,9), (2,4,8,6)(7,10,11,9)]","U_gens":"[(2,3,11,5,8,4,10,6)(7,9)]","semantics":"exact"}
{"type":"config","target":"Stabilizer(MathieuGroup(11),1)","p":2,"shape":[8,72,8],"shape_sd":["Q8","(C3 x C3) : Q8","C8"],"sigma":2304,"k":2,"ncolls":5,"blocked":[true,true,true],"S_gens":"[(2,7,5,10)(4,6,11,9), (2,4,5,11)(6,7,9,10)]","T_gens":"[(2,4,6,10)(3,8,7,9), (2,4,8,6)(7,10,11,9)]","U_gens":"[(2,4,7,6,8,5,9,3)(10,11)]","semantics":"exact"}
{"type":"config","target":"Stabilizer(MathieuGroup(11),1)","p":2,"shape":[8,72,8],"shape_sd":["Q8","(C3 x C3) : Q8","C8"],"sigma":2304,"k":2,"ncolls":5,"blocked":[true,true,true],"S_gens":"[(2,7,5,10)(4,6,11,9), (2,4,5,11)(6,7,9,10)]","T_gens":"[(2,8,10,3)(4,5,11,7), (2,5,8,3)(7,11,10,9)]","U_gens":"[(2,11)(3,8,4,6,9,10,7,5)]","semantics":"exact"}
{"type":"config","target":"Stabilizer(MathieuGroup(11),1)","p":2,"shape":[8,72,8],"shape_sd":["Q8","(C3 x C3) : Q8","C8"],"sigma":2304,"k":2,"ncolls":5,"blocked":[true,true,true],"S_gens":"[(2,7,5,10)(4,6,11,9), (2,4,5,11)(6,7,9,10)]","T_gens":"[(2,8,10,3)(4,5,11,7), (2,5,8,3)(7,11,10,9)]","U_gens":"[(2,6,3,5,11,10,9,8)(4,7)]","semantics":"exact"}
{"type":"config","target":"Stabilizer(MathieuGroup(11),1)","p":2,"shape":[8,72,8],"shape_sd":["Q8","(C3 x C3) : Q8","C8"],"sigma":2304,"k":2,"ncolls":5,"blocked":[true,true,true],"S_gens":"[(2,7,5,10)(4,6,11,9), (2,4,5,11)(6,7,9,10)]","T_gens":"[(2,8,10,3)(4,5,11,7), (2,5,8,3)(7,11,10,9)]","U_gens":"[(2,10,6,7,5,8,11,3)(4,9)]","semantics":"exact"}
{"type":"config","target":"Stabilizer(MathieuGroup(11),1)","p":2,"shape":[8,72,8],"shape_sd":["Q8","(C3 x C3) : Q8","C8"],"sigma":2304,"k":2,"ncolls":5,"blocked":[true,true,true],"S_gens":"[(2,7,5,10)(4,6,11,9), (2,4,5,11)(6,7,9,10)]","T_gens":"[(2,8,10,3)(4,5,11,7), (2,5,8,3)(7,11,10,9)]","U_gens":"[(2,5,7,8,3,11,6,9)(4,10)]","semantics":"exact"}
{"type":"config","target":"Stabilizer(MathieuGroup(11),1)","p":2,"shape":[8,72,8],"shape_sd":["Q8","(C3 x C3) : Q8","C8"],"sigma":2304,"k":2,"ncolls":5,"blocked":[true,true,true],"S_gens":"[(2,7,5,10)(4,6,11,9), (2,4,5,11)(6,7,9,10)]","T_gens":"[(2,8,10,3)(4,5,11,7), (2,5,8,3)(7,11,10,9)]","U_gens":"[(2,9,3,10,6,8,7,4)(5,11)]","semantics":"exact"}
{"type":"config","target":"Stabilizer(MathieuGroup(11),1)","p":2,"shape":[8,72,8],"shape_sd":["Q8","(C3 x C3) : Q8","C8"],"sigma":2304,"k":2,"ncolls":5,"blocked":[true,true,true],"S_gens":"[(2,7,5,10)(4,6,11,9), (2,4,5,11)(6,7,9,10)]","T_gens":"[(2,8,10,3)(4,5,11,7), (2,5,8,3)(7,11,10,9)]","U_gens":"[(2,6,5,7,3,4,8,10)(9,11)]","semantics":"exact"}
{"type":"config","target":"Stabilizer(MathieuGroup(11),1)","p":2,"shape":[8,72,8],"shape_sd":["Q8","(C3 x C3) : Q8","C8"],"sigma":2304,"k":2,"ncolls":5,"blocked":[true,true,true],"S_gens":"[(2,7,5,10)(4,6,11,9), (2,4,5,11)(6,7,9,10)]","T_gens":"[(2,4,10,8)(3,9,11,6), (2,4,3,10)(5,11,9,8)]","U_gens":"[(2,4)(3,7,9,8,10,11,5,6)]","semantics":"exact"}
{"type":"config","target":"Stabilizer(MathieuGroup(11),1)","p":2,"shape":[8,72,8],"shape_sd":["Q8","(C3 x C3) : Q8","C8"],"sigma":2304,"k":2,"ncolls":5,"blocked":[true,true,true],"S_gens":"[(2,7,5,10)(4,6,11,9), (2,4,5,11)(6,7,9,10)]","T_gens":"[(2,4,10,8)(3,9,11,6), (2,4,3,10)(5,11,9,8)]","U_gens":"[(2,10)(3,6,11,5,4,9,8,7)]","semantics":"exact"}
{"type":"config","target":"Stabilizer(MathieuGroup(11),1)","p":2,"shape":[8,72,8],"shape_sd":["Q8","(C3 x C3) : Q8","C8"],"sigma":2304,"k":2,"ncolls":5,"blocked":[true,true,true],"S_gens":"[(2,7,5,10)(4,6,11,9), (2,4,5,11)(6,7,9,10)]","T_gens":"[(2,4,10,8)(3,9,11,6), (2,4,3,10)(5,11,9,8)]","U_gens":"[(2,11)(3,8,4,6,9,10,7,5)]","semantics":"exact"}
{"type":"config","target":"Stabilizer(MathieuGroup(11),1)","p":2,"shape":[8,72,8],"shape_sd":["Q8","(C3 x C3) : Q8","C8"],"sigma":2304,"k":2,"ncolls":5,"blocked":[true,true,true],"S_gens":"[(2,7,5,10)(4,6,11,9), (2,4,5,11)(6,7,9,10)]","T_gens":"[(2,4,10,8)(3,9,11,6), (2,4,3,10)(5,11,9,8)]","U_gens":"[(2,4,8,7,11,3,10,9)(5,6)]","semantics":"exact"}
{"type":"config","target":"Stabilizer(MathieuGroup(11),1)","p":2,"shape":[8,72,8],"shape_sd":["Q8","(C3 x C3) : Q8","C8"],"sigma":2304,"k":2,"ncolls":5,"blocked":[true,true,true],"S_gens":"[(2,7,5,10)(4,6,11,9), (2,4,5,11)(6,7,9,10)]","T_gens":"[(2,4,10,8)(3,9,11,6), (2,4,3,10)(5,11,9,8)]","U_gens":"[(2,6,10,8,4,7,3,11)(5,9)]","semantics":"exact"}
{"type":"config","target":"Stabilizer(MathieuGroup(11),1)","p":2,"shape":[8,72,8],"shape_sd":["Q8","(C3 x C3) : Q8","C8"],"sigma":2304,"k":2,"ncolls":5,"blocked":[true,true,true],"S_gens":"[(2,7,5,10)(4,6,11,9), (2,4,5,11)(6,7,9,10)]","T_gens":"[(2,4,10,8)(3,9,11,6), (2,4,3,10)(5,11,9,8)]","U_gens":"[(2,3,4,6,7,9,11,8)(5,10)]","semantics":"exact"}
{"type":"config","target":"Stabilizer(MathieuGroup(11),1)","p":2,"shape":[8,72,8],"shape_sd":["Q8","(C3 x C3) : Q8","C8"],"sigma":2304,"k":2,"ncolls":5,"blocked":[true,true,true],"S_gens":"[(2,7,5,10)(4,6,11,9), (2,4,5,11)(6,7,9,10)]","T_gens":"[(2,11,6,7)(3,4,5,8), (3,11,4,8)(5,9,7,6)]","U_gens":"[(2,6)(3,4,5,9,7,8,11,10)]","semantics":"exact"}
{"type":"config","target":"Stabilizer(MathieuGroup(11),1)","p":2,"shape":[8,72,8],"shape_sd":["Q8","(C3 x C3) : Q8","C8"],"sigma":2304,"k":2,"ncolls":5,"blocked":[true,true,true],"S_gens":"[(2,7,5,10)(4,6,11,9), (2,4,5,11)(6,7,9,10)]","T_gens":"[(2,11,6,7)(3,4,5,8), (3,11,4,8)(5,9,7,6)]","U_gens":"[(2,7)(3,10,8,11,6,5,9,4)]","semantics":"exact"}
{"type":"config","target":"Stabilizer(MathieuGroup(11),1)","p":2,"shape":[8,72,8],"shape_sd":["Q8","(C3 x C3) : Q8","C8"],"sigma":2304,"k":2,"ncolls":5,"blocked":[true,true,true],"S_gens":"[(2,7,5,10)(4,6,11,9), (2,4,5,11)(6,7,9,10)]","T_gens":"[(2,11,6,7)(3,4,5,8), (3,11,4,8)(5,9,7,6)]","U_gens":"[(2,9)(3,5,10,7,11,4,6,8)]","semantics":"exact"}
{"type":"config","target":"Stabilizer(MathieuGroup(11),1)","p":2,"shape":[8,72,8],"shape_sd":["Q8","(C3 x C3) : Q8","C8"],"sigma":2304,"k":2,"ncolls":5,"blocked":[true,true,true],"S_gens":"[(2,7,5,10)(4,6,11,9), (2,4,5,11)(6,7,9,10)]","T_gens":"[(2,11,6,7)(3,4,5,8), (3,11,4,8)(5,9,7,6)]","U_gens":"[(2,3,8,11,9,6,7,10)(4,5)]","semantics":"exact"}
{"type":"config","target":"Stabilizer(MathieuGroup(11),1)","p":2,"shape":[8,72,8],"shape_sd":["Q8","(C3 x C3) : Q8","C8"],"sigma":2304,"k":2,"ncolls":5,"blocked":[true,true,true],"S_gens":"[(2,7,5,10)(4,6,11,9), (2,4,5,11)(6,7,9,10)]","T_gens":"[(2,11,6,7)(3,4,5,8), (3,11,4,8)(5,9,7,6)]","U_gens":"[(2,8,9,11,10,4,6,3)(5,7)]","semantics":"exact"}
{"type":"config","target":"Stabilizer(MathieuGroup(11),1)","p":2,"shape":[8,72,8],"shape_sd":["Q8","(C3 x C3) : Q8","C8"],"sigma":2304,"k":2,"ncolls":5,"blocked":[true,true,true],"S_gens":"[(2,7,5,10)(4,6,11,9), (2,4,5,11)(6,7,9,10)]","T_gens":"[(2,11,6,7)(3,4,5,8), (3,11,4,8)(5,9,7,6)]","U_gens":"[(2,9,3,10,6,8,7,4)(5,11)]","semantics":"exact"}
SHAPE (8,72,8) p=2 k=2 |Sigma|=2304: frames=280 eligible=48 blocked=48 max_sigma=3072 elapsed=1.3s [321/349 shapes]
{"type":"config","target":"Stabilizer(MathieuGroup(11),1)","p":2,"shape":[8,72,8],"shape_sd":["Q8","(C3 x C3) : Q8","Q8"],"sigma":2304,"k":2,"ncolls":5,"blocked":[true,true,true],"S_gens":"[(2,7,5,10)(4,6,11,9), (2,4,5,11)(6,7,9,10)]","T_gens":"[(2,4,8,3)(5,10,6,11), (2,4,6,8)(3,7,5,11)]","U_gens":"[(2,7,9,8)(3,10,6,11), (2,6,9,3)(7,10,8,11)]","semantics":"exact"}
{"type":"config","target":"Stabilizer(MathieuGroup(11),1)","p":2,"shape":[8,72,8],"shape_sd":["Q8","(C3 x C3) : Q8","Q8"],"sigma":2304,"k":2,"ncolls":5,"blocked":[true,true,true],"S_gens":"[(2,7,5,10)(4,6,11,9), (2,4,5,11)(6,7,9,10)]","T_gens":"[(2,4,8,3)(5,10,6,11), (2,4,6,8)(3,7,5,11)]","U_gens":"[(2,3,8,5)(7,9,10,11), (2,9,8,11)(3,7,5,10)]","semantics":"exact"}
{"type":"config","target":"Stabilizer(MathieuGroup(11),1)","p":2,"shape":[8,72,8],"shape_sd":["Q8","(C3 x C3) : Q8","Q8"],"sigma":2304,"k":2,"ncolls":5,"blocked":[true,true,true],"S_gens":"[(2,7,5,10)(4,6,11,9), (2,4,5,11)(6,7,9,10)]","T_gens":"[(2,4,8,3)(5,10,6,11), (2,4,6,8)(3,7,5,11)]","U_gens":"[(2,4,5,9)(3,7,10,8), (2,10,5,3)(4,7,9,8)]","semantics":"exact"}
{"type":"config","target":"Stabilizer(MathieuGroup(11),1)","p":2,"shape":[8,72,8],"shape_sd":["Q8","(C3 x C3) : Q8","Q8"],"sigma":2304,"k":2,"ncolls":5,"blocked":[true,true,true],"S_gens":"[(2,7,5,10)(4,6,11,9), (2,4,5,11)(6,7,9,10)]","T_gens":"[(2,4,8,3)(5,10,6,11), (2,4,6,8)(3,7,5,11)]","U_gens":"[(2,6,4,8)(3,10,5,9), (2,9,4,10)(3,6,5,8)]","semantics":"exact"}
{"type":"config","target":"Stabilizer(MathieuGroup(11),1)","p":2,"shape":[8,72,8],"shape_sd":["Q8","(C3 x C3) : Q8","Q8"],"sigma":2304,"k":2,"ncolls":5,"blocked":[true,true,true],"S_gens":"[(2,7,5,10)(4,6,11,9), (2,4,5,11)(6,7,9,10)]","T_gens":"[(2,4,8,3)(5,10,6,11), (2,4,6,8)(3,7,5,11)]","U_gens":"[(2,9,8,7)(3,5,6,4), (2,5,8,4)(3,7,6,9)]","semantics":"exact"}
{"type":"config","target":"Stabilizer(MathieuGroup(11),1)","p":2,"shape":[8,72,8],"shape_sd":["Q8","(C3 x C3) : Q8","Q8"],"sigma":2304,"k":2,"ncolls":5,"blocked":[true,true,true],"S_gens":"[(2,7,5,10)(4,6,11,9), (2,4,5,11)(6,7,9,10)]","T_gens":"[(2,4,8,3)(5,10,6,11), (2,4,6,8)(3,7,5,11)]","U_gens":"[(3,5,10,9)(6,11,8,7), (3,11,10,7)(5,6,9,8)]","semantics":"exact"}
{"type":"config","target":"Stabilizer(MathieuGroup(11),1)","p":2,"shape":[8,72,8],"shape_sd":["Q8","(C3 x C3) : Q8","Q8"],"sigma":2304,"k":2,"ncolls":5,"blocked":[true,true,true],"S_gens":"[(2,7,5,10)(4,6,11,9), (2,4,5,11)(6,7,9,10)]","T_gens":"[(3,8,10,6)(5,11,9,7), (3,11,4,8)(5,9,7,6)]","U_gens":"[(2,9,11,3)(5,6,8,10), (2,10,11,6)(3,5,9,8)]","semantics":"exact"}
{"type":"config","target":"Stabilizer(MathieuGroup(11),1)","p":2,"shape":[8,72,8],"shape_sd":["Q8","(C3 x C3) : Q8","Q8"],"sigma":2304,"k":2,"ncolls":5,"blocked":[true,true,true],"S_gens":"[(2,7,5,10)(4,6,11,9), (2,4,5,11)(6,7,9,10)]","T_gens":"[(3,8,10,6)(5,11,9,7), (3,11,4,8)(5,9,7,6)]","U_gens":"[(2,6,10,9)(3,4,11,8), (2,4,10,8)(3,9,11,6)]","semantics":"exact"}
{"type":"config","target":"Stabilizer(MathieuGroup(11),1)","p":2,"shape":[8,72,8],"shape_sd":["Q8","(C3 x C3) : Q8","Q8"],"sigma":2304,"k":2,"ncolls":5,"blocked":[true,true,true],"S_gens":"[(2,7,5,10)(4,6,11,9), (2,4,5,11)(6,7,9,10)]","T_gens":"[(3,8,10,6)(5,11,9,7), (3,11,4,8)(5,9,7,6)]","U_gens":"[(2,11,7,4)(3,8,9,6), (2,9,7,3)(4,6,11,8)]","semantics":"exact"}
{"type":"config","target":"Stabilizer(MathieuGroup(11),1)","p":2,"shape":[8,72,8],"shape_sd":["Q8","(C3 x C3) : Q8","Q8"],"sigma":2304,"k":2,"ncolls":5,"blocked":[true,true,true],"S_gens":"[(2,7,5,10)(4,6,11,9), (2,4,5,11)(6,7,9,10)]","T_gens":"[(3,8,10,6)(5,11,9,7), (3,11,4,8)(5,9,7,6)]","U_gens":"[(2,3,9,11)(4,5,7,8), (2,5,9,8)(3,4,11,7)]","semantics":"exact"}
{"type":"config","target":"Stabilizer(MathieuGroup(11),1)","p":2,"shape":[8,72,8],"shape_sd":["Q8","(C3 x C3) : Q8","Q8"],"sigma":2304,"k":2,"ncolls":5,"blocked":[true,true,true],"S_gens":"[(2,7,5,10)(4,6,11,9), (2,4,5,11)(6,7,9,10)]","T_gens":"[(3,8,10,6)(5,11,9,7), (3,11,4,8)(5,9,7,6)]","U_gens":"[(2,6,4,8)(3,10,5,9), (2,9,4,10)(3,6,5,8)]","semantics":"exact"}
{"type":"config","target":"Stabilizer(MathieuGroup(11),1)","p":2,"shape":[8,72,8],"shape_sd":["Q8","(C3 x C3) : Q8","Q8"],"sigma":2304,"k":2,"ncolls":5,"blocked":[true,true,true],"S_gens":"[(2,7,5,10)(4,6,11,9), (2,4,5,11)(6,7,9,10)]","T_gens":"[(3,8,10,6)(5,11,9,7), (3,11,4,8)(5,9,7,6)]","U_gens":"[(2,4,6,8)(3,7,5,11), (2,7,6,11)(3,8,5,4)]","semantics":"exact"}
{"type":"config","target":"Stabilizer(MathieuGroup(11),1)","p":2,"shape":[8,72,8],"shape_sd":["Q8","(C3 x C3) : Q8","Q8"],"sigma":2304,"k":2,"ncolls":5,"blocked":[true,true,true],"S_gens":"[(2,7,5,10)(4,6,11,9), (2,4,5,11)(6,7,9,10)]","T_gens":"[(2,4,3,6)(5,7,8,10), (2,4,10,3)(5,6,9,7)]","U_gens":"[(2,11,5,6)(3,8,7,10), (2,8,5,10)(3,6,7,11)]","semantics":"exact"}
{"type":"config","target":"Stabilizer(MathieuGroup(11),1)","p":2,"shape":[8,72,8],"shape_sd":["Q8","(C3 x C3) : Q8","Q8"],"sigma":2304,"k":2,"ncolls":5,"blocked":[true,true,true],"S_gens":"[(2,7,5,10)(4,6,11,9), (2,4,5,11)(6,7,9,10)]","T_gens":"[(2,4,3,6)(5,7,8,10), (2,4,10,3)(5,6,9,7)]","U_gens":"[(2,3,8,5)(7,9,10,11), (2,9,8,11)(3,7,5,10)]","semantics":"exact"}
{"type":"config","target":"Stabilizer(MathieuGroup(11),1)","p":2,"shape":[8,72,8],"shape_sd":["Q8","(C3 x C3) : Q8","Q8"],"sigma":2304,"k":2,"ncolls":5,"blocked":[true,true,true],"S_gens":"[(2,7,5,10)(4,6,11,9), (2,4,5,11)(6,7,9,10)]","T_gens":"[(2,4,3,6)(5,7,8,10), (2,4,10,3)(5,6,9,7)]","U_gens":"[(2,10,11,8)(3,7,4,9), (2,3,11,4)(7,10,9,8)]","semantics":"exact"}
{"type":"config","target":"Stabilizer(MathieuGroup(11),1)","p":2,"shape":[8,72,8],"shape_sd":["Q8","(C3 x C3) : Q8","Q8"],"sigma":2304,"k":2,"ncolls":5,"blocked":[true,true,true],"S_gens":"[(2,7,5,10)(4,6,11,9), (2,4,5,11)(6,7,9,10)]","T_gens":"[(2,4,3,6)(5,7,8,10), (2,4,10,3)(5,6,9,7)]","U_gens":"[(2,10,8,11)(3,6,4,5), (2,4,8,3)(5,10,6,11)]","semantics":"exact"}
{"type":"config","target":"Stabilizer(MathieuGroup(11),1)","p":2,"shape":[8,72,8],"shape_sd":["Q8","(C3 x C3) : Q8","Q8"],"sigma":2304,"k":2,"ncolls":5,"blocked":[true,true,true],"S_gens":"[(2,7,5,10)(4,6,11,9), (2,4,5,11)(6,7,9,10)]","T_gens":"[(2,4,3,6)(5,7,8,10), (2,4,10,3)(5,6,9,7)]","U_gens":"[(2,4,6,8)(3,7,5,11), (2,7,6,11)(3,8,5,4)]","semantics":"exact"}
{"type":"config","target":"Stabilizer(MathieuGroup(11),1)","p":2,"shape":[8,72,8],"shape_sd":["Q8","(C3 x C3) : Q8","Q8"],"sigma":2304,"k":2,"ncolls":5,"blocked":[true,true,true],"S_gens":"[(2,7,5,10)(4,6,11,9), (2,4,5,11)(6,7,9,10)]","T_gens":"[(2,4,3,6)(5,7,8,10), (2,4,10,3)(5,6,9,7)]","U_gens":"[(3,11,7,5)(4,10,8,9), (3,8,7,4)(5,9,11,10)]","semantics":"exact"}
{"type":"config","target":"Stabilizer(MathieuGroup(11),1)","p":2,"shape":[8,72,8],"shape_sd":["Q8","(C3 x C3) : Q8","Q8"],"sigma":2304,"k":2,"ncolls":5,"blocked":[true,true,true],"S_gens":"[(2,7,5,10)(4,6,11,9), (2,4,5,11)(6,7,9,10)]","T_gens":"[(2,3,6,11)(5,9,7,10), (2,5,8,3)(7,11,10,9)]","U_gens":"[(2,3,4,10)(6,11,7,8), (2,7,4,6)(3,11,10,8)]","semantics":"exact"}
{"type":"config","target":"Stabilizer(MathieuGroup(11),1)","p":2,"shape":[8,72,8],"shape_sd":["Q8","(C3 x C3) : Q8","Q8"],"sigma":2304,"k":2,"ncolls":5,"blocked":[true,true,true],"S_gens":"[(2,7,5,10)(4,6,11,9), (2,4,5,11)(6,7,9,10)]","T_gens":"[(2,3,6,11)(5,9,7,10), (2,5,8,3)(7,11,10,9)]","U_gens":"[(2,3,9,11)(4,5,7,8), (2,5,9,8)(3,4,11,7)]","semantics":"exact"}
{"type":"config","target":"Stabilizer(MathieuGroup(11),1)","p":2,"shape":[8,72,8],"shape_sd":["Q8","(C3 x C3) : Q8","Q8"],"sigma":2304,"k":2,"ncolls":5,"blocked":[true,true,true],"S_gens":"[(2,7,5,10)(4,6,11,9), (2,4,5,11)(6,7,9,10)]","T_gens":"[(2,3,6,11)(5,9,7,10), (2,5,8,3)(7,11,10,9)]","U_gens":"[(2,10,3,4)(5,8,9,11), (2,8,3,11)(4,9,10,5)]","semantics":"exact"}
{"type":"config","target":"Stabilizer(MathieuGroup(11),1)","p":2,"shape":[8,72,8],"shape_sd":["Q8","(C3 x C3) : Q8","Q8"],"sigma":2304,"k":2,"ncolls":5,"blocked":[true,true,true],"S_gens":"[(2,7,5,10)(4,6,11,9), (2,4,5,11)(6,7,9,10)]","T_gens":"[(2,3,6,11)(5,9,7,10), (2,5,8,3)(7,11,10,9)]","U_gens":"[(2,4,5,9)(3,7,10,8), (2,10,5,3)(4,7,9,8)]","semantics":"exact"}
{"type":"config","target":"Stabilizer(MathieuGroup(11),1)","p":2,"shape":[8,72,8],"shape_sd":["Q8","(C3 x C3) : Q8","Q8"],"sigma":2304,"k":2,"ncolls":5,"blocked":[true,true,true],"S_gens":"[(2,7,5,10)(4,6,11,9), (2,4,5,11)(6,7,9,10)]","T_gens":"[(2,3,6,11)(5,9,7,10), (2,5,8,3)(7,11,10,9)]","U_gens":"[(2,8,3,5)(4,7,6,10), (2,4,3,6)(5,7,8,10)]","semantics":"exact"}
{"type":"config","target":"Stabilizer(MathieuGroup(11),1)","p":2,"shape":[8,72,8],"shape_sd":["Q8","(C3 x C3) : Q8","Q8"],"sigma":2304,"k":2,"ncolls":5,"blocked":[true,true,true],"S_gens":"[(2,7,5,10)(4,6,11,9), (2,4,5,11)(6,7,9,10)]","T_gens":"[(2,3,6,11)(5,9,7,10), (2,5,8,3)(7,11,10,9)]","U_gens":"[(3,6,11,10)(4,7,5,8), (3,4,11,5)(6,8,10,7)]","semantics":"exact"}
{"type":"config","target":"Stabilizer(MathieuGroup(11),1)","p":2,"shape":[8,72,8],"shape_sd":["Q8","(C3 x C3) : Q8","Q8"],"sigma":2304,"k":2,"ncolls":5,"blocked":[true,true,true],"S_gens":"[(2,7,5,10)(4,6,11,9), (2,4,5,11)(6,7,9,10)]","T_gens":"[(2,4,6,10)(3,8,7,9), (2,4,8,6)(7,10,11,9)]","U_gens":"[(2,6,3,7)(5,9,11,8), (2,11,3,5)(6,9,7,8)]","semantics":"exact"}
{"type":"config","target":"Stabilizer(MathieuGroup(11),1)","p":2,"shape":[8,72,8],"shape_sd":["Q8","(C3 x C3) : Q8","Q8"],"sigma":2304,"k":2,"ncolls":5,"blocked":[true,true,true],"S_gens":"[(2,7,5,10)(4,6,11,9), (2,4,5,11)(6,7,9,10)]","T_gens":"[(2,4,6,10)(3,8,7,9), (2,4,8,6)(7,10,11,9)]","U_gens":"[(2,10,3,4)(5,8,9,11), (2,8,3,11)(4,9,10,5)]","semantics":"exact"}
{"type":"config","target":"Stabilizer(MathieuGroup(11),1)","p":2,"shape":[8,72,8],"shape_sd":["Q8","(C3 x C3) : Q8","Q8"],"sigma":2304,"k":2,"ncolls":5,"blocked":[true,true,true],"S_gens":"[(2,7,5,10)(4,6,11,9), (2,4,5,11)(6,7,9,10)]","T_gens":"[(2,4,6,10)(3,8,7,9), (2,4,8,6)(7,10,11,9)]","U_gens":"[(2,10,8,11)(3,6,4,5), (2,4,8,3)(5,10,6,11)]","semantics":"exact"}
{"type":"config","target":"Stabilizer(MathieuGroup(11),1)","p":2,"shape":[8,72,8],"shape_sd":["Q8","(C3 x C3) : Q8","Q8"],"sigma":2304,"k":2,"ncolls":5,"blocked":[true,true,true],"S_gens":"[(2,7,5,10)(4,6,11,9), (2,4,5,11)(6,7,9,10)]","T_gens":"[(2,4,6,10)(3,8,7,9), (2,4,8,6)(7,10,11,9)]","U_gens":"[(2,9,8,7)(3,5,6,4), (2,5,8,4)(3,7,6,9)]","semantics":"exact"}
{"type":"config","target":"Stabilizer(MathieuGroup(11),1)","p":2,"shape":[8,72,8],"shape_sd":["Q8","(C3 x C3) : Q8","Q8"],"sigma":2304,"k":2,"ncolls":5,"blocked":[true,true,true],"S_gens":"[(2,7,5,10)(4,6,11,9), (2,4,5,11)(6,7,9,10)]","T_gens":"[(2,4,6,10)(3,8,7,9), (2,4,8,6)(7,10,11,9)]","U_gens":"[(3,9,6,8)(4,5,11,10), (3,5,6,10)(4,8,11,9)]","semantics":"exact"}
{"type":"config","target":"Stabilizer(MathieuGroup(11),1)","p":2,"shape":[8,72,8],"shape_sd":["Q8","(C3 x C3) : Q8","Q8"],"sigma":2304,"k":2,"ncolls":5,"blocked":[true,true,true],"S_gens":"[(2,7,5,10)(4,6,11,9), (2,4,5,11)(6,7,9,10)]","T_gens":"[(2,4,6,10)(3,8,7,9), (2,4,8,6)(7,10,11,9)]","U_gens":"[(3,8,4,11)(5,6,7,9), (3,9,4,6)(5,8,7,11)]","semantics":"exact"}
{"type":"config","target":"Stabilizer(MathieuGroup(11),1)","p":2,"shape":[8,72,8],"shape_sd":["Q8","(C3 x C3) : Q8","Q8"],"sigma":2304,"k":2,"ncolls":5,"blocked":[true,true,true],"S_gens":"[(2,7,5,10)(4,6,11,9), (2,4,5,11)(6,7,9,10)]","T_gens":"[(2,8,10,3)(4,5,11,7), (2,5,8,3)(7,11,10,9)]","U_gens":"[(2,11,5,6)(3,8,7,10), (2,8,5,10)(3,6,7,11)]","semantics":"exact"}
{"type":"config","target":"Stabilizer(MathieuGroup(11),1)","p":2,"shape":[8,72,8],"shape_sd":["Q8","(C3 x C3) : Q8","Q8"],"sigma":2304,"k":2,"ncolls":5,"blocked":[true,true,true],"S_gens":"[(2,7,5,10)(4,6,11,9), (2,4,5,11)(6,7,9,10)]","T_gens":"[(2,8,10,3)(4,5,11,7), (2,5,8,3)(7,11,10,9)]","U_gens":"[(2,9,11,3)(5,6,8,10), (2,10,11,6)(3,5,9,8)]","semantics":"exact"}
{"type":"config","target":"Stabilizer(MathieuGroup(11),1)","p":2,"shape":[8,72,8],"shape_sd":["Q8","(C3 x C3) : Q8","Q8"],"sigma":2304,"k":2,"ncolls":5,"blocked":[true,true,true],"S_gens":"[(2,7,5,10)(4,6,11,9), (2,4,5,11)(6,7,9,10)]","T_gens":"[(2,8,10,3)(4,5,11,7), (2,5,8,3)(7,11,10,9)]","U_gens":"[(2,6,3,7)(5,9,11,8), (2,11,3,5)(6,9,7,8)]","semantics":"exact"}
{"type":"config","target":"Stabilizer(MathieuGroup(11),1)","p":2,"shape":[8,72,8],"shape_sd":["Q8","(C3 x C3) : Q8","Q8"],"sigma":2304,"k":2,"ncolls":5,"blocked":[true,true,true],"S_gens":"[(2,7,5,10)(4,6,11,9), (2,4,5,11)(6,7,9,10)]","T_gens":"[(2,8,10,3)(4,5,11,7), (2,5,8,3)(7,11,10,9)]","U_gens":"[(2,7,6,3)(4,8,10,9), (2,8,6,9)(3,10,7,4)]","semantics":"exact"}
{"type":"config","target":"Stabilizer(MathieuGroup(11),1)","p":2,"shape":[8,72,8],"shape_sd":["Q8","(C3 x C3) : Q8","Q8"],"sigma":2304,"k":2,"ncolls":5,"blocked":[true,true,true],"S_gens":"[(2,7,5,10)(4,6,11,9), (2,4,5,11)(6,7,9,10)]","T_gens":"[(2,8,10,3)(4,5,11,7), (2,5,8,3)(7,11,10,9)]","U_gens":"[(2,8,3,5)(4,7,6,10), (2,4,3,6)(5,7,8,10)]","semantics":"exact"}
{"type":"config","target":"Stabilizer(MathieuGroup(11),1)","p":2,"shape":[8,72,8],"shape_sd":["Q8","(C3 x C3) : Q8","Q8"],"sigma":2304,"k":2,"ncolls":5,"blocked":[true,true,true],"S_gens":"[(2,7,5,10)(4,6,11,9), (2,4,5,11)(6,7,9,10)]","T_gens":"[(2,8,10,3)(4,5,11,7), (2,5,8,3)(7,11,10,9)]","U_gens":"[(3,7,9,4)(5,10,6,8), (3,10,9,8)(4,6,7,5)]","semantics":"exact"}
{"type":"config","target":"Stabilizer(MathieuGroup(11),1)","p":2,"shape":[8,72,8],"shape_sd":["Q8","(C3 x C3) : Q8","Q8"],"sigma":2304,"k":2,"ncolls":5,"blocked":[true,true,true],"S_gens":"[(2,7,5,10)(4,6,11,9), (2,4,5,11)(6,7,9,10)]","T_gens":"[(2,4,10,8)(3,9,11,6), (2,4,3,10)(5,11,9,8)]","U_gens":"[(2,10,11,8)(3,7,4,9), (2,3,11,4)(7,10,9,8)]","semantics":"exact"}
{"type":"config","target":"Stabilizer(MathieuGroup(11),1)","p":2,"shape":[8,72,8],"shape_sd":["Q8","(C3 x C3) : Q8","Q8"],"sigma":2304,"k":2,"ncolls":5,"blocked":[true,true,true],"S_gens":"[(2,7,5,10)(4,6,11,9), (2,4,5,11)(6,7,9,10)]","T_gens":"[(2,4,10,8)(3,9,11,6), (2,4,3,10)(5,11,9,8)]","U_gens":"[(2,3,4,10)(6,11,7,8), (2,7,4,6)(3,11,10,8)]","semantics":"exact"}
{"type":"config","target":"Stabilizer(MathieuGroup(11),1)","p":2,"shape":[8,72,8],"shape_sd":["Q8","(C3 x C3) : Q8","Q8"],"sigma":2304,"k":2,"ncolls":5,"blocked":[true,true,true],"S_gens":"[(2,7,5,10)(4,6,11,9), (2,4,5,11)(6,7,9,10)]","T_gens":"[(2,4,10,8)(3,9,11,6), (2,4,3,10)(5,11,9,8)]","U_gens":"[(2,11,7,4)(3,8,9,6), (2,9,7,3)(4,6,11,8)]","semantics":"exact"}
{"type":"config","target":"Stabilizer(MathieuGroup(11),1)","p":2,"shape":[8,72,8],"shape_sd":["Q8","(C3 x C3) : Q8","Q8"],"sigma":2304,"k":2,"ncolls":5,"blocked":[true,true,true],"S_gens":"[(2,7,5,10)(4,6,11,9), (2,4,5,11)(6,7,9,10)]","T_gens":"[(2,4,10,8)(3,9,11,6), (2,4,3,10)(5,11,9,8)]","U_gens":"[(3,8,4,11)(5,6,7,9), (3,9,4,6)(5,8,7,11)]","semantics":"exact"}
{"type":"config","target":"Stabilizer(MathieuGroup(11),1)","p":2,"shape":[8,72,8],"shape_sd":["Q8","(C3 x C3) : Q8","Q8"],"sigma":2304,"k":2,"ncolls":5,"blocked":[true,true,true],"S_gens":"[(2,7,5,10)(4,6,11,9), (2,4,5,11)(6,7,9,10)]","T_gens":"[(2,4,10,8)(3,9,11,6), (2,4,3,10)(5,11,9,8)]","U_gens":"[(3,7,9,4)(5,10,6,8), (3,10,9,8)(4,6,7,5)]","semantics":"exact"}
{"type":"config","target":"Stabilizer(MathieuGroup(11),1)","p":2,"shape":[8,72,8],"shape_sd":["Q8","(C3 x C3) : Q8","Q8"],"sigma":2304,"k":2,"ncolls":5,"blocked":[true,true,true],"S_gens":"[(2,7,5,10)(4,6,11,9), (2,4,5,11)(6,7,9,10)]","T_gens":"[(2,4,10,8)(3,9,11,6), (2,4,3,10)(5,11,9,8)]","U_gens":"[(3,5,10,9)(6,11,8,7), (3,11,10,7)(5,6,9,8)]","semantics":"exact"}
{"type":"config","target":"Stabilizer(MathieuGroup(11),1)","p":2,"shape":[8,72,8],"shape_sd":["Q8","(C3 x C3) : Q8","Q8"],"sigma":2304,"k":2,"ncolls":5,"blocked":[true,true,true],"S_gens":"[(2,7,5,10)(4,6,11,9), (2,4,5,11)(6,7,9,10)]","T_gens":"[(2,11,6,7)(3,4,5,8), (3,11,4,8)(5,9,7,6)]","U_gens":"[(2,7,9,8)(3,10,6,11), (2,6,9,3)(7,10,8,11)]","semantics":"exact"}
{"type":"config","target":"Stabilizer(MathieuGroup(11),1)","p":2,"shape":[8,72,8],"shape_sd":["Q8","(C3 x C3) : Q8","Q8"],"sigma":2304,"k":2,"ncolls":5,"blocked":[true,true,true],"S_gens":"[(2,7,5,10)(4,6,11,9), (2,4,5,11)(6,7,9,10)]","T_gens":"[(2,11,6,7)(3,4,5,8), (3,11,4,8)(5,9,7,6)]","U_gens":"[(2,6,10,9)(3,4,11,8), (2,4,10,8)(3,9,11,6)]","semantics":"exact"}
{"type":"config","target":"Stabilizer(MathieuGroup(11),1)","p":2,"shape":[8,72,8],"shape_sd":["Q8","(C3 x C3) : Q8","Q8"],"sigma":2304,"k":2,"ncolls":5,"blocked":[true,true,true],"S_gens":"[(2,7,5,10)(4,6,11,9), (2,4,5,11)(6,7,9,10)]","T_gens":"[(2,11,6,7)(3,4,5,8), (3,11,4,8)(5,9,7,6)]","U_gens":"[(2,7,6,3)(4,8,10,9), (2,8,6,9)(3,10,7,4)]","semantics":"exact"}
{"type":"config","target":"Stabilizer(MathieuGroup(11),1)","p":2,"shape":[8,72,8],"shape_sd":["Q8","(C3 x C3) : Q8","Q8"],"sigma":2304,"k":2,"ncolls":5,"blocked":[true,true,true],"S_gens":"[(2,7,5,10)(4,6,11,9), (2,4,5,11)(6,7,9,10)]","T_gens":"[(2,11,6,7)(3,4,5,8), (3,11,4,8)(5,9,7,6)]","U_gens":"[(3,6,11,10)(4,7,5,8), (3,4,11,5)(6,8,10,7)]","semantics":"exact"}
{"type":"config","target":"Stabilizer(MathieuGroup(11),1)","p":2,"shape":[8,72,8],"shape_sd":["Q8","(C3 x C3) : Q8","Q8"],"sigma":2304,"k":2,"ncolls":5,"blocked":[true,true,true],"S_gens":"[(2,7,5,10)(4,6,11,9), (2,4,5,11)(6,7,9,10)]","T_gens":"[(2,11,6,7)(3,4,5,8), (3,11,4,8)(5,9,7,6)]","U_gens":"[(3,9,6,8)(4,5,11,10), (3,5,6,10)(4,8,11,9)]","semantics":"exact"}
{"type":"config","target":"Stabilizer(MathieuGroup(11),1)","p":2,"shape":[8,72,8],"shape_sd":["Q8","(C3 x C3) : Q8","Q8"],"sigma":2304,"k":2,"ncolls":5,"blocked":[true,true,true],"S_gens":"[(2,7,5,10)(4,6,11,9), (2,4,5,11)(6,7,9,10)]","T_gens":"[(2,11,6,7)(3,4,5,8), (3,11,4,8)(5,9,7,6)]","U_gens":"[(3,11,7,5)(4,10,8,9), (3,8,7,4)(5,9,11,10)]","semantics":"exact"}
SHAPE (8,72,8) p=2 k=2 |Sigma|=2304: frames=280 eligible=48 blocked=48 max_sigma=3072 elapsed=1.4s [322/349 shapes]
SHAPE (16,24,12) p=2 k=2 |Sigma|=2304: frames=144 eligible=0 blocked=0 max_sigma=3072 elapsed=0.4s [337/349 shapes]
{"type":"summary","target":"Stabilizer(MathieuGroup(11),1)","p":2,"max_sigma_blocked":3072,"max_sigma_eligible":3072,"shapes_checked":349,"shapes_total":349,"frames_checked":5620,"configs_eligible":384,"configs_blocked":336,"semantics":"lower_bound","beta0":2304,"margin":768,"elapsed_seconds":23.48905920982361,"kill":true}

--- p=2 DONE: max_blocked_sigma=3072 max_elig_sigma=3072 eligible=384 blocked=336 margin=768 elapsed=23.5s ---

=== PRIME p=3 ===
Twistable (p=3): [(2, 3, 'C3', 1), (11, 9, 'C3 x C3', 4), (13, 12, 'A4', 1)]
Shapes above threshold: 1
{"type":"summary","target":"Stabilizer(MathieuGroup(11),1)","p":3,"max_sigma_blocked":0,"max_sigma_eligible":0,"shapes_checked":1,"shapes_total":1,"frames_checked":0,"configs_eligible":0,"configs_blocked":0,"semantics":"exact","beta0":2304,"margin":-2304,"elapsed_seconds":0.003740072250366211}

--- p=3 DONE: max_blocked_sigma=0 max_elig_sigma=0 eligible=0 blocked=0 margin=-2304 elapsed=0.0s ---

TOTAL elapsed: 23.5s
